"request_id","event_id","preprocessed_message_id","channel","message_id","sentiment_label","sentiment_score","positive_prob","negative_prob","neutral_prob","emotion_anger","emotion_fear","emotion_joy","emotion_sadness","emotion_surprise","emotion_disgust","aspects"
"gpt_min_0001","banksta:92433","e36505fd-9474-4e02-854a-da4eadce9133","banksta","92433","negative","0.82","0.13","0.78","0.09","0","0","0","0.14","0","0","[{""aspect"":""markets"",""sentiment"":""negative"",""score"":0.8},{""aspect"":""energy"",""sentiment"":""negative"",""score"":0.8}]"
"gpt_min_0002","condottieros:18240","b546cc52-d074-49a2-9972-3c68094183aa","condottieros","18240","negative","0.77","0.12","0.73","0.15","0","0.26","0","0","0","0","[{""aspect"":""war"",""sentiment"":""negative"",""score"":0.75}]"
"gpt_min_0003","banksta:92430","0c53dd59-f98f-4b01-88a6-496a139331d3","banksta","92430","negative","0.77","0.12","0.73","0.15","0.32","0.08","0","0","0","0.17","[{""aspect"":""banking"",""sentiment"":""negative"",""score"":0.75},{""aspect"":""security"",""sentiment"":""negative"",""score"":0.75},{""aspect"":""media"",""sentiment"":""negative"",""score"":0.75}]"
"gpt_min_0004","rbc_news:147957","3fdb0905-29cd-42a8-9703-74f1d4b4a57a","rbc_news","147957","positive","0.82","0.78","0.1","0.12","0","0.13","0.08","0","0","0","[{""aspect"":""markets"",""sentiment"":""positive"",""score"":0.8},{""aspect"":""regulation"",""sentiment"":""positive"",""score"":0.8},{""aspect"":""public_health"",""sentiment"":""positive"",""score"":0.8}]"
"gpt_min_0005","banksta:92429","9260f9fe-d5b3-4376-a992-987a75641d9a","banksta","92429","neutral","0.54","0.18","0.18","0.64","0.16","0","0","0","0","0","[{""aspect"":""crypto"",""sentiment"":""neutral"",""score"":0.53},{""aspect"":""security"",""sentiment"":""neutral"",""score"":0.53},{""aspect"":""media"",""sentiment"":""neutral"",""score"":0.53}]"
"gpt_min_0006","ru2chvg:56526","74c37c84-8da4-4f11-a9dc-7655681e7a21","ru2chvg","56526","positive","0.88","0.8235","0.098","0.0784","0","0","0.14","0","0.14","0","[{""aspect"":""technology"",""sentiment"":""positive"",""score"":0.86}]"
"gpt_min_0007","rbc_news:147956","fdbba5ee-740d-4159-bbf9-1824ba093609","rbc_news","147956","neutral","0.54","0.18","0.18","0.64","0","0.13","0.14","0.28","0","0","[{""aspect"":""markets"",""sentiment"":""neutral"",""score"":0.53},{""aspect"":""technology"",""sentiment"":""neutral"",""score"":0.53},{""aspect"":""transport"",""sentiment"":""neutral"",""score"":0.53}]"
"gpt_min_0008","banksta:92428","8f62b264-a6f6-4e60-b3f7-a059176c8c8e","banksta","92428","neutral","0.59","0.12","0.47","0.41","0.16","0","0","0","0","0","[{""aspect"":""regulation"",""sentiment"":""neutral"",""score"":0.53}]"
"gpt_min_0009","banksta:92427","210e560b-560c-4926-acf5-c9737c446311","banksta","92427","neutral","0.54","0.18","0.18","0.64","0","0","0","0","0","0","[{""aspect"":""company_results"",""sentiment"":""neutral"",""score"":0.53}]"
"gpt_min_0010","banksta:92425","ab46dcbb-8014-4ddb-b767-9c89a9fb2ec8","banksta","92425","neutral","0.54","0.18","0.18","0.64","0","0","0","0","0","0","[{""aspect"":""regulation"",""sentiment"":""neutral"",""score"":0.53},{""aspect"":""media"",""sentiment"":""neutral"",""score"":0.53}]"
"gpt_min_0011","ru2chvg:56525","e5a6166a-703e-47e3-b722-a09649a28da4","ru2chvg","56525","positive","0.77","0.73","0.1","0.17","0","0","0.08","0","0.14","0","[{""aspect"":""gaming"",""sentiment"":""positive"",""score"":0.75}]"
"gpt_min_0012","banksta:92424","32267191-9b44-404e-8222-6ed96f2eb983","banksta","92424","neutral","0.59","0.47","0.1","0.43","0","0","0","0","0","0","[{""aspect"":""banking"",""sentiment"":""neutral"",""score"":0.53}]"
"gpt_min_0013","rbc_news:147955","c3ec449b-0e50-42a9-92bf-d72263531d7f","rbc_news","147955","neutral","0.54","0.18","0.18","0.64","0","0","0","0","0","0","[{""aspect"":""other"",""sentiment"":""neutral"",""score"":0.53}]"
"gpt_min_0014","rbc_news:147954","ac2504cf-d07a-422a-aa8d-e9d6b4c35640","rbc_news","147954","neutral","0.59","0.47","0.1","0.43","0","0","0","0","0","0","[{""aspect"":""regulation"",""sentiment"":""neutral"",""score"":0.53}]"
"gpt_min_0015","banksta:92423","ce9ca7bc-af40-41d1-8ca9-68b219f3ebbb","banksta","92423","neutral","0.54","0.18","0.18","0.64","0","0.13","0","0","0","0","[{""aspect"":""war"",""sentiment"":""neutral"",""score"":0.53}]"
"gpt_min_0016","ru2chvg:56524","cafb0b9c-632a-4507-9fe2-7ade668e7241","ru2chvg","56524","neutral","0.54","0.18","0.18","0.64","0","0","0","0","0","0","[{""aspect"":""gaming"",""sentiment"":""neutral"",""score"":0.53}]"
"gpt_min_0017","rbc_news:147953","c11037e6-bd6f-4461-807f-05f3ee14751b","rbc_news","147953","neutral","0.54","0.18","0.18","0.64","0","0","0","0","0","0","[{""aspect"":""other"",""sentiment"":""neutral"",""score"":0.53}]"
"gpt_min_0018","banksta:92422","982f16e2-49ed-4307-aea7-aaca0225f2fb","banksta","92422","neutral","0.54","0.18","0.18","0.64","0","0","0","0","0","0","[{""aspect"":""other"",""sentiment"":""neutral"",""score"":0.53}]"
"gpt_min_0019","banksta:92421","340ea97c-ea98-42fe-afbd-2a1566911d5a","banksta","92421","neutral","0.54","0.18","0.18","0.64","0","0","0","0","0","0","[{""aspect"":""energy"",""sentiment"":""neutral"",""score"":0.53}]"
"gpt_min_0020","banksta:92420","a88c83dd-7546-4b75-ad08-241ff8241193","banksta","92420","positive","0.77","0.73","0.1","0.17","0","0","0.08","0","0","0","[{""aspect"":""markets"",""sentiment"":""positive"",""score"":0.75}]"
"gpt_min_0021","rbc_news:147952","f500b6a4-b5fd-4e6f-b929-beb72d88ae09","rbc_news","147952","neutral","0.54","0.18","0.18","0.64","0","0","0","0","0","0","[{""aspect"":""technology"",""sentiment"":""neutral"",""score"":0.53},{""aspect"":""transport"",""sentiment"":""neutral"",""score"":0.53}]"
"gpt_min_0022","rbc_news:147951","1f74566b-25d1-4d48-b84b-09d618e0779e","rbc_news","147951","neutral","0.54","0.18","0.18","0.64","0","0","0","0","0","0","[{""aspect"":""other"",""sentiment"":""neutral"",""score"":0.53}]"
"gpt_min_0023","banksta:92419","f6c972eb-8aa9-4b5a-8fb8-39a5b9ee3d2d","banksta","92419","neutral","0.54","0.18","0.18","0.64","0.32","0.13","0","0","0","0.17","[{""aspect"":""war"",""sentiment"":""neutral"",""score"":0.53},{""aspect"":""markets"",""sentiment"":""neutral"",""score"":0.53},{""aspect"":""security"",""sentiment"":""neutral"",""score"":0.53}]"
"gpt_min_0024","ru2chvg:56520","aa006c16-78be-4c8c-9008-9e58d88adf1c","ru2chvg","56520","positive","0.72","0.68","0.1","0.22","0","0","0.08","0","0","0","[{""aspect"":""gaming"",""sentiment"":""positive"",""score"":0.7}]"
"gpt_min_0025","banksta:92415","24fb4789-9b04-4048-a1b6-38eef19078fc","banksta","92415","neutral","0.54","0.18","0.18","0.64","0","0","0","0","0","0","[{""aspect"":""markets"",""sentiment"":""neutral"",""score"":0.53},{""aspect"":""technology"",""sentiment"":""neutral"",""score"":0.53}]"
"gpt_min_0026","rbc_news:147950","b4708615-dfc9-43a7-a978-48ac55a3ba13","rbc_news","147950","neutral","0.54","0.18","0.18","0.64","0","0","0","0","0","0","[{""aspect"":""security"",""sentiment"":""neutral"",""score"":0.53}]"
"gpt_min_0027","banksta:92410","bf52c184-6be8-4533-b868-de3a95c71bb0","banksta","92410","neutral","0.59","0.47","0.1","0.43","0","0","0","0","0","0","[{""aspect"":""markets"",""sentiment"":""neutral"",""score"":0.53},{""aspect"":""company_results"",""sentiment"":""neutral"",""score"":0.53},{""aspect"":""media"",""sentiment"":""neutral"",""score"":0.53}]"
"gpt_min_0028","banksta:92409","f073e2e5-a9b5-450c-b10a-d8601bb7dc57","banksta","92409","positive","0.77","0.73","0.1","0.17","0","0","0.14","0","0","0","[{""aspect"":""banking"",""sentiment"":""positive"",""score"":0.75},{""aspect"":""technology"",""sentiment"":""positive"",""score"":0.75},{""aspect"":""retail"",""sentiment"":""positive"",""score"":0.75}]"
"gpt_min_0029","condottieros:18233","9f95fcab-99aa-40c8-8462-a7c1001797ed","condottieros","18233","neutral","0.59","0.47","0.1","0.43","0","0","0.14","0","0","0","[{""aspect"":""other"",""sentiment"":""neutral"",""score"":0.53}]"
"gpt_min_0030","rbc_news:147949","ff770562-d72e-491f-9dbd-61922368ad8c","rbc_news","147949","neutral","0.59","0.47","0.1","0.43","0","0","0","0","0","0","[{""aspect"":""transport"",""sentiment"":""neutral"",""score"":0.53},{""aspect"":""security"",""sentiment"":""neutral"",""score"":0.53},{""aspect"":""media"",""sentiment"":""neutral"",""score"":0.53}]"
"gpt_min_0031","rbc_news:147948","a3d3da55-a8a8-4425-b5db-abb5fd1745fe","rbc_news","147948","positive","0.77","0.73","0.1","0.17","0","0","0.08","0","0","0","[{""aspect"":""transport"",""sentiment"":""positive"",""score"":0.75},{""aspect"":""energy"",""sentiment"":""positive"",""score"":0.75}]"
"gpt_min_0032","ru2chvg:56519","13f2dc98-cf11-42d3-861c-b4e33e51380e","ru2chvg","56519","neutral","0.54","0.18","0.18","0.64","0","0","0","0","0","0","[{""aspect"":""other"",""sentiment"":""neutral"",""score"":0.53}]"
"gpt_min_0033","banksta:92408","80529b89-e041-4e0f-9722-8dbb6ae3ddc2","banksta","92408","neutral","0.54","0.18","0.18","0.64","0","0","0","0","0","0","[{""aspect"":""markets"",""sentiment"":""neutral"",""score"":0.53},{""aspect"":""company_results"",""sentiment"":""neutral"",""score"":0.53}]"
"gpt_min_0034","condottieros:18232","214d4b1f-0091-4971-8a06-6193614b08c8","condottieros","18232","neutral","0.54","0.18","0.18","0.64","0","0","0","0","0","0","[{""aspect"":""war"",""sentiment"":""neutral"",""score"":0.53}]"
"gpt_min_0035","banksta:92407","9e783ed0-a1c6-4eb0-af23-8567a32e5213","banksta","92407","neutral","0.54","0.18","0.18","0.64","0","0","0","0","0","0","[{""aspect"":""technology"",""sentiment"":""neutral"",""score"":0.53}]"
"gpt_min_0036","banksta:92406","4358404d-3b9f-4a08-8b92-286f49add72f","banksta","92406","neutral","0.54","0.18","0.18","0.64","0","0","0","0","0","0","[{""aspect"":""technology"",""sentiment"":""neutral"",""score"":0.53}]"
"gpt_min_0037","rbc_news:147947","720fd948-7018-4573-8597-1649873e0859","rbc_news","147947","neutral","0.54","0.18","0.18","0.64","0","0","0","0","0.14","0","[{""aspect"":""other"",""sentiment"":""neutral"",""score"":0.53}]"
"gpt_min_0038","ru2chvg:56518","855359a5-cf08-4d88-82e0-f14711482ba4","ru2chvg","56518","positive","0.72","0.68","0.1","0.22","0","0","0.08","0","0","0","[{""aspect"":""other"",""sentiment"":""positive"",""score"":0.7}]"
"gpt_min_0039","banksta:92405","f3c1e5ae-939f-4ddb-9ad0-57f4f74bebfb","banksta","92405","neutral","0.54","0.18","0.18","0.64","0","0","0","0","0","0","[{""aspect"":""regulation"",""sentiment"":""neutral"",""score"":0.53},{""aspect"":""crypto"",""sentiment"":""neutral"",""score"":0.53}]"
"gpt_min_0040","banksta:92404","bb804484-9d6b-4ba5-afc6-67a13a65172e","banksta","92404","neutral","0.54","0.18","0.18","0.64","0","0","0","0","0","0","[{""aspect"":""war"",""sentiment"":""neutral"",""score"":0.53}]"
"gpt_min_0041","banksta:92403","f0a3bd99-943b-49ac-ac42-972dc9241b0a","banksta","92403","positive","0.72","0.68","0.1","0.22","0","0","0.08","0","0","0","[{""aspect"":""markets"",""sentiment"":""positive"",""score"":0.7},{""aspect"":""company_results"",""sentiment"":""positive"",""score"":0.7},{""aspect"":""crypto"",""sentiment"":""positive"",""score"":0.7}]"
"gpt_min_0042","rbc_news:147946","879bb870-d9e4-4df4-922b-cf980eed9e08","rbc_news","147946","negative","0.72","0.12","0.68","0.2","0.16","0.08","0","0","0","0","[{""aspect"":""banking"",""sentiment"":""negative"",""score"":0.7},{""aspect"":""markets"",""sentiment"":""negative"",""score"":0.7},{""aspect"":""technology"",""sentiment"":""negative"",""score"":0.7}]"
"gpt_min_0043","banksta:92402","a1232efa-adae-4014-bff9-9eafb8d8aaad","banksta","92402","neutral","0.59","0.47","0.1","0.43","0","0","0","0","0","0","[{""aspect"":""banking"",""sentiment"":""neutral"",""score"":0.53},{""aspect"":""markets"",""sentiment"":""neutral"",""score"":0.53}]"
"gpt_min_0044","banksta:92400","d0f2184c-3e2b-4191-8c2a-c5461cb0704a","banksta","92400","neutral","0.59","0.47","0.1","0.43","0","0","0","0","0","0","[{""aspect"":""other"",""sentiment"":""neutral"",""score"":0.53}]"
"gpt_min_0045","rbc_news:147945","7671b9b0-5a62-49ce-b975-4bd41060bc37","rbc_news","147945","neutral","0.54","0.18","0.18","0.64","0","0","0","0","0","0","[{""aspect"":""war"",""sentiment"":""neutral"",""score"":0.53}]"
"gpt_min_0046","banksta:92399","e076288f-a3c2-46cf-962d-aab93aa7141b","banksta","92399","neutral","0.54","0.18","0.18","0.64","0","0","0","0","0","0","[{""aspect"":""markets"",""sentiment"":""neutral"",""score"":0.53},{""aspect"":""company_results"",""sentiment"":""neutral"",""score"":0.53},{""aspect"":""security"",""sentiment"":""neutral"",""score"":0.53}]"
"gpt_min_0047","rbc_news:147944","df4e030d-3c9f-451d-b0e6-12e0a5c03638","rbc_news","147944","neutral","0.54","0.18","0.18","0.64","0","0","0","0","0","0","[{""aspect"":""other"",""sentiment"":""neutral"",""score"":0.53}]"
"gpt_min_0048","ru2chvg:56517","6ba3523f-b610-417d-b9ef-1f5efa9b4366","ru2chvg","56517","neutral","0.54","0.18","0.18","0.64","0","0","0","0","0","0","[{""aspect"":""other"",""sentiment"":""neutral"",""score"":0.53}]"
"gpt_min_0049","banksta:92398","7eadd159-a752-47a0-82b5-354aa5356937","banksta","92398","positive","0.72","0.68","0.1","0.22","0","0","0.08","0","0","0","[{""aspect"":""markets"",""sentiment"":""positive"",""score"":0.7},{""aspect"":""company_results"",""sentiment"":""positive"",""score"":0.7}]"
"gpt_min_0050","condottieros:18231","01327fae-d0d1-4092-9d53-dfeb475e55fb","condottieros","18231","neutral","0.54","0.18","0.18","0.64","0","0","0","0","0","0","[{""aspect"":""transport"",""sentiment"":""neutral"",""score"":0.53}]"
"gpt_min_0051","condottieros:18230","8a843986-a18d-43c1-a609-e9e3aaecfd2f","condottieros","18230","neutral","0.54","0.18","0.18","0.64","0","0","0","0","0","0","[{""aspect"":""other"",""sentiment"":""neutral"",""score"":0.53}]"
"gpt_min_0052","banksta:92397","f6d9fc74-0d88-4bf8-a6eb-9b86c0b61bc2","banksta","92397","neutral","0.54","0.18","0.18","0.64","0","0","0","0","0","0","[{""aspect"":""regulation"",""sentiment"":""neutral"",""score"":0.53},{""aspect"":""energy"",""sentiment"":""neutral"",""score"":0.53}]"
"gpt_min_0053","condottieros:18227","83f42003-3560-4979-bd34-b82a6ec1a0e5","condottieros","18227","neutral","0.59","0.12","0.47","0.41","0","0","0","0","0","0","[{""aspect"":""transport"",""sentiment"":""neutral"",""score"":0.53},{""aspect"":""energy"",""sentiment"":""neutral"",""score"":0.53}]"
"gpt_min_0054","rbc_news:147943","23be1e75-cfef-4224-abdc-51ad7c1b8288","rbc_news","147943","neutral","0.54","0.18","0.18","0.64","0","0","0","0","0","0","[{""aspect"":""public_health"",""sentiment"":""neutral"",""score"":0.53}]"
"gpt_min_0055","banksta:92396","8c94df6a-279e-49b4-94dd-5a659d24a58f","banksta","92396","positive","0.72","0.68","0.1","0.22","0","0","0.08","0","0","0","[{""aspect"":""markets"",""sentiment"":""positive"",""score"":0.7},{""aspect"":""regulation"",""sentiment"":""positive"",""score"":0.7},{""aspect"":""transport"",""sentiment"":""positive"",""score"":0.7}]"
"gpt_min_0056","banksta:92395","b127ab0f-481c-4eed-8945-65b1322a872d","banksta","92395","neutral","0.54","0.18","0.18","0.64","0","0","0","0","0","0","[{""aspect"":""other"",""sentiment"":""neutral"",""score"":0.53}]"
"gpt_min_0057","ru2chvg:56516","9f9fd22d-5962-46bb-9563-71368980c35b","ru2chvg","56516","neutral","0.54","0.18","0.18","0.64","0","0","0","0","0","0","[{""aspect"":""retail"",""sentiment"":""neutral"",""score"":0.53}]"
"gpt_min_0058","rbc_news:147942","0c66fb6f-37bf-45b9-b2f0-b6f0f82ddf39","rbc_news","147942","neutral","0.54","0.18","0.18","0.64","0","0","0","0","0","0","[{""aspect"":""war"",""sentiment"":""neutral"",""score"":0.53},{""aspect"":""regulation"",""sentiment"":""neutral"",""score"":0.53}]"
"gpt_min_0059","rbc_news:147941","349e62fd-8532-482c-9a81-7862b07a55cd","rbc_news","147941","positive","0.77","0.73","0.1","0.17","0","0","0.08","0","0.14","0","[{""aspect"":""other"",""sentiment"":""positive"",""score"":0.75}]"
"gpt_min_0060","rbc_news:147940","31515c9f-3b62-445b-98dd-76dfd97d07bb","rbc_news","147940","neutral","0.59","0.47","0.1","0.43","0","0","0","0","0","0","[{""aspect"":""banking"",""sentiment"":""neutral"",""score"":0.53},{""aspect"":""security"",""sentiment"":""neutral"",""score"":0.53},{""aspect"":""gaming"",""sentiment"":""neutral"",""score"":0.53}]"
"gpt_min_0061","condottieros:18226","11175a53-2aba-41fe-8d6c-c2e371ca232b","condottieros","18226","neutral","0.59","0.47","0.1","0.43","0","0","0","0","0","0","[{""aspect"":""regulation"",""sentiment"":""neutral"",""score"":0.53}]"
"gpt_min_0062","banksta:92394","39fc0c03-925f-4397-aeb0-dc043885fd8c","banksta","92394","neutral","0.54","0.18","0.18","0.64","0","0","0","0","0","0","[{""aspect"":""markets"",""sentiment"":""neutral"",""score"":0.53},{""aspect"":""retail"",""sentiment"":""neutral"",""score"":0.53}]"
"gpt_min_0063","banksta:92393","3234488a-4765-4f46-831f-f56e1bb88145","banksta","92393","neutral","0.59","0.47","0.1","0.43","0","0","0.14","0","0","0","[{""aspect"":""markets"",""sentiment"":""neutral"",""score"":0.53}]"
"gpt_min_0064","ru2chvg:56515","efffdb4a-ab3b-4048-a1e0-ac26c793fadc","ru2chvg","56515","neutral","0.54","0.18","0.18","0.64","0","0","0","0","0","0","[{""aspect"":""media"",""sentiment"":""neutral"",""score"":0.53}]"
"gpt_min_0065","rbc_news:147939","2af91d06-a23f-4c21-9345-3ee72f5ed4c2","rbc_news","147939","neutral","0.54","0.18","0.18","0.64","0","0","0","0","0","0","[{""aspect"":""technology"",""sentiment"":""neutral"",""score"":0.53}]"
"gpt_min_0066","banksta:92392","595cb987-912e-432c-9d1d-e16d71410956","banksta","92392","neutral","0.54","0.18","0.18","0.64","0","0","0","0","0","0","[{""aspect"":""security"",""sentiment"":""neutral"",""score"":0.53}]"
"gpt_min_0067","banksta:92391","e1a2d668-e4ad-4047-aca6-2e94c94a4f3c","banksta","92391","neutral","0.59","0.47","0.1","0.43","0","0","0","0","0","0","[{""aspect"":""banking"",""sentiment"":""neutral"",""score"":0.53},{""aspect"":""markets"",""sentiment"":""neutral"",""score"":0.53},{""aspect"":""gaming"",""sentiment"":""neutral"",""score"":0.53}]"
"gpt_min_0068","rbc_news:147938","de58fa25-189a-4ab0-b722-e9e652ed812f","rbc_news","147938","neutral","0.59","0.47","0.1","0.43","0","0","0","0","0","0","[{""aspect"":""markets"",""sentiment"":""neutral"",""score"":0.53}]"
"gpt_min_0069","banksta:92390","8c49f884-e29e-4a3e-bbb1-96f3c6953cfb","banksta","92390","neutral","0.54","0.18","0.18","0.64","0","0","0","0","0","0","[{""aspect"":""other"",""sentiment"":""neutral"",""score"":0.53}]"
"gpt_min_0070","ru2chvg:56511","876e008b-5c65-4c86-98e9-7bdcd4972b3b","ru2chvg","56511","neutral","0.59","0.47","0.1","0.43","0","0","0","0","0","0","[{""aspect"":""retail"",""sentiment"":""neutral"",""score"":0.53}]"
"gpt_min_0071","banksta:92389","9302e3e8-37b8-4fea-871c-4bd96249f23f","banksta","92389","negative","0.77","0.12","0.73","0.15","0.16","0.08","0","0","0","0.17","[{""aspect"":""banking"",""sentiment"":""negative"",""score"":0.75},{""aspect"":""security"",""sentiment"":""negative"",""score"":0.75}]"
"gpt_min_0072","rbc_news:147937","3861fbe6-e1e0-46f0-978a-0b40e3be7077","rbc_news","147937","neutral","0.59","0.47","0.1","0.43","0","0","0","0","0","0","[{""aspect"":""regulation"",""sentiment"":""neutral"",""score"":0.53},{""aspect"":""energy"",""sentiment"":""neutral"",""score"":0.53}]"
"gpt_min_0073","banksta:92388","c5495018-dcce-4914-8d4a-df9c10ce9345","banksta","92388","neutral","0.59","0.47","0.1","0.43","0","0","0","0","0","0","[{""aspect"":""markets"",""sentiment"":""neutral"",""score"":0.53},{""aspect"":""company_results"",""sentiment"":""neutral"",""score"":0.53}]"
"gpt_min_0074","banksta:92387","a0eb235e-8146-49e0-b8ae-7bc5243678de","banksta","92387","neutral","0.59","0.47","0.1","0.43","0","0","0","0","0","0","[{""aspect"":""regulation"",""sentiment"":""neutral"",""score"":0.53},{""aspect"":""crypto"",""sentiment"":""neutral"",""score"":0.53},{""aspect"":""gaming"",""sentiment"":""neutral"",""score"":0.53}]"
"gpt_min_0075","rbc_news:147936","8a60f8b9-b29c-42b0-a19a-664bd6c1a9b1","rbc_news","147936","neutral","0.54","0.18","0.18","0.64","0","0","0","0","0","0","[{""aspect"":""security"",""sentiment"":""neutral"",""score"":0.53}]"
"gpt_min_0076","rbc_news:147935","461bf57a-3432-4b05-b7fe-24e381671779","rbc_news","147935","neutral","0.59","0.47","0.1","0.43","0","0","0","0","0","0","[{""aspect"":""security"",""sentiment"":""neutral"",""score"":0.53}]"
"gpt_min_0077","ru2chvg:56508","a33edd65-e3d8-4197-85d5-df2dd8fb975a","ru2chvg","56508","neutral","0.59","0.47","0.1","0.43","0","0","0","0","0","0","[{""aspect"":""gaming"",""sentiment"":""neutral"",""score"":0.53}]"
"gpt_min_0078","banksta:92386","40b376db-d87c-47f5-97bb-1b18d6db8629","banksta","92386","neutral","0.54","0.18","0.18","0.64","0","0","0","0","0","0","[{""aspect"":""technology"",""sentiment"":""neutral"",""score"":0.53}]"
"gpt_min_0079","condottieros:18225","85dc0bc9-8b71-4b99-983f-79acc3732d80","condottieros","18225","neutral","0.54","0.18","0.18","0.64","0","0","0","0","0","0","[{""aspect"":""technology"",""sentiment"":""neutral"",""score"":0.53}]"
"gpt_min_0080","rbc_news:147934","fcbd0ec4-04cd-44fd-bd57-f6f54e404f11","rbc_news","147934","neutral","0.54","0.18","0.18","0.64","0","0.13","0","0","0","0","[{""aspect"":""war"",""sentiment"":""neutral"",""score"":0.53},{""aspect"":""technology"",""sentiment"":""neutral"",""score"":0.53},{""aspect"":""media"",""sentiment"":""neutral"",""score"":0.53}]"
"gpt_min_0081","banksta:92385","67c5b641-0e9d-4579-8ae0-f741e9cc047e","banksta","92385","negative","0.72","0.12","0.68","0.2","0.32","0.13","0","0","0","0.17","[{""aspect"":""crypto"",""sentiment"":""negative"",""score"":0.7},{""aspect"":""transport"",""sentiment"":""negative"",""score"":0.7},{""aspect"":""security"",""sentiment"":""negative"",""score"":0.7}]"
"gpt_min_0082","condottieros:18224","d074858d-8477-43e6-ba51-68ad02421c65","condottieros","18224","neutral","0.54","0.18","0.18","0.64","0","0","0","0","0","0","[{""aspect"":""other"",""sentiment"":""neutral"",""score"":0.53}]"
"gpt_min_0083","condottieros:18223","43227dab-ac8f-48a2-b7ff-7a4303df7950","condottieros","18223","neutral","0.54","0.18","0.18","0.64","0","0","0","0","0","0","[{""aspect"":""other"",""sentiment"":""neutral"",""score"":0.53}]"
"gpt_min_0084","banksta:92384","c335b9da-c555-4ad3-90c5-863ecbdb2b0c","banksta","92384","positive","0.77","0.73","0.1","0.17","0","0","0.08","0","0","0","[{""aspect"":""markets"",""sentiment"":""positive"",""score"":0.75},{""aspect"":""company_results"",""sentiment"":""positive"",""score"":0.75},{""aspect"":""energy"",""sentiment"":""positive"",""score"":0.75}]"
"gpt_min_0085","rbc_news:147933","15f8c9e4-8831-48dc-bf3c-2f3ddce97ea3","rbc_news","147933","neutral","0.54","0.18","0.18","0.64","0","0","0","0","0","0","[{""aspect"":""markets"",""sentiment"":""neutral"",""score"":0.53}]"
"gpt_min_0086","ru2chvg:56506","fa417a2b-949e-4c51-b1db-424cb4200035","ru2chvg","56506","neutral","0.54","0.18","0.18","0.64","0.16","0","0.14","0","0","0","[{""aspect"":""banking"",""sentiment"":""neutral"",""score"":0.53},{""aspect"":""security"",""sentiment"":""neutral"",""score"":0.53},{""aspect"":""gaming"",""sentiment"":""neutral"",""score"":0.53}]"
"gpt_min_0087","rbc_news:147932","f5da0a0d-fa9e-42e5-824f-f24698b7cff8","rbc_news","147932","neutral","0.59","0.47","0.1","0.43","0","0","0","0","0","0","[{""aspect"":""other"",""sentiment"":""neutral"",""score"":0.53}]"
"gpt_min_0088","rbc_news:147931","f701831d-d5a4-4c76-8cf0-b7b31386faf0","rbc_news","147931","neutral","0.59","0.47","0.1","0.43","0","0","0","0","0","0","[{""aspect"":""other"",""sentiment"":""neutral"",""score"":0.53}]"
"gpt_min_0089","banksta:92383","84356cc3-240f-4450-abe9-79dccd962764","banksta","92383","neutral","0.59","0.47","0.1","0.43","0","0","0.14","0","0","0","[{""aspect"":""other"",""sentiment"":""neutral"",""score"":0.53}]"
"gpt_min_0090","rbc_news:147930","5d52b347-50a9-471b-8bbb-6462eb1f8359","rbc_news","147930","neutral","0.59","0.47","0.1","0.43","0","0","0","0","0","0","[{""aspect"":""other"",""sentiment"":""neutral"",""score"":0.53}]"
"gpt_min_0091","ru2chvg:56505","e529b6b1-73ec-48a2-a581-c39bf998a6aa","ru2chvg","56505","positive","0.72","0.68","0.1","0.22","0","0","0.14","0","0.14","0","[{""aspect"":""gaming"",""sentiment"":""positive"",""score"":0.7}]"
"gpt_min_0092","banksta:92382","dc21c8fc-3743-49c0-a513-a1be067024ce","banksta","92382","neutral","0.54","0.18","0.18","0.64","0","0","0","0","0","0","[{""aspect"":""markets"",""sentiment"":""neutral"",""score"":0.53}]"
"gpt_min_0093","rbc_news:147929","96391fa7-5ab0-4f08-a76b-1d5d7159f124","rbc_news","147929","neutral","0.59","0.12","0.47","0.41","0","0","0","0","0","0","[{""aspect"":""media"",""sentiment"":""neutral"",""score"":0.53}]"
"gpt_min_0094","rbc_news:147928","99b8010c-6a1f-4200-81f5-198942be4e6a","rbc_news","147928","neutral","0.54","0.18","0.18","0.64","0","0","0","0","0","0","[{""aspect"":""war"",""sentiment"":""neutral"",""score"":0.53},{""aspect"":""banking"",""sentiment"":""neutral"",""score"":0.53},{""aspect"":""security"",""sentiment"":""neutral"",""score"":0.53}]"
"gpt_min_0095","banksta:92381","b596e8c5-e675-4cbc-82d7-65688e3083be","banksta","92381","neutral","0.54","0.18","0.18","0.64","0","0","0","0","0","0","[{""aspect"":""security"",""sentiment"":""neutral"",""score"":0.53}]"
"gpt_min_0096","ru2chvg:56504","79c40236-876d-47cb-87de-b1d6a9d46d2e","ru2chvg","56504","neutral","0.54","0.18","0.18","0.64","0","0","0","0","0","0","[{""aspect"":""other"",""sentiment"":""neutral"",""score"":0.53}]"
"gpt_min_0097","condottieros:18222","655ea0c9-5cc8-4aef-bbe8-1a50adc20d08","condottieros","18222","neutral","0.54","0.18","0.18","0.64","0","0","0","0","0","0","[{""aspect"":""markets"",""sentiment"":""neutral"",""score"":0.53},{""aspect"":""public_health"",""sentiment"":""neutral"",""score"":0.53}]"
"gpt_min_0098","rbc_news:147927","71f1e3c9-5ab2-4896-bc1b-4d787458e327","rbc_news","147927","neutral","0.59","0.47","0.1","0.43","0","0","0","0","0","0","[{""aspect"":""energy"",""sentiment"":""neutral"",""score"":0.53},{""aspect"":""media"",""sentiment"":""neutral"",""score"":0.53}]"
"gpt_min_0099","rbc_news:147926","c904e124-36bc-4e04-a588-0adde4aeb72b","rbc_news","147926","neutral","0.54","0.18","0.18","0.64","0","0","0","0","0","0","[{""aspect"":""other"",""sentiment"":""neutral"",""score"":0.53}]"
"gpt_min_0100","ru2chvg:56500","b0c60a3c-1841-4fcb-aa95-d54752a3211f","ru2chvg","56500","neutral","0.54","0.18","0.18","0.64","0","0","0","0","0","0","[{""aspect"":""gaming"",""sentiment"":""neutral"",""score"":0.53}]"
"gpt_min_0101","banksta:92380","c1d4430e-9fcb-4990-8a08-ab91313adbef","banksta","92380","neutral","0.54","0.18","0.18","0.64","0","0","0","0.14","0","0","[{""aspect"":""markets"",""sentiment"":""neutral"",""score"":0.53}]"
"gpt_min_0102","rbc_news:147925","937b300f-2ab4-4475-8590-94082e7444b7","rbc_news","147925","neutral","0.59","0.12","0.47","0.41","0","0","0","0","0","0","[{""aspect"":""markets"",""sentiment"":""neutral"",""score"":0.53},{""aspect"":""regulation"",""sentiment"":""neutral"",""score"":0.53}]"
"gpt_min_0103","banksta:92379","42923f7e-7916-44bd-9cfb-711e8e1b6a11","banksta","92379","negative","0.72","0.12","0.68","0.2","0","0.13","0","0","0","0","[{""aspect"":""war"",""sentiment"":""negative"",""score"":0.7},{""aspect"":""security"",""sentiment"":""negative"",""score"":0.7},{""aspect"":""media"",""sentiment"":""negative"",""score"":0.7}]"
"gpt_min_0104","ru2chvg:56499","7fd08efb-5085-4ffa-ae2f-6e5e33f8595c","ru2chvg","56499","neutral","0.54","0.18","0.18","0.64","0","0","0","0","0","0","[{""aspect"":""media"",""sentiment"":""neutral"",""score"":0.53}]"
"gpt_min_0105","rbc_news:147924","7705c3c4-7386-4cc7-b883-412680de9795","rbc_news","147924","neutral","0.54","0.18","0.18","0.64","0","0.13","0","0","0","0","[{""aspect"":""war"",""sentiment"":""neutral"",""score"":0.53},{""aspect"":""media"",""sentiment"":""neutral"",""score"":0.53}]"
"gpt_min_0106","rbc_news:147923","914791f9-7031-4ae1-8e29-0a31bf47247a","rbc_news","147923","neutral","0.54","0.18","0.18","0.64","0","0","0","0","0","0","[{""aspect"":""markets"",""sentiment"":""neutral"",""score"":0.53}]"
"gpt_min_0107","banksta:92378","1dbb6645-4295-460e-8f87-ab7d70422bd3","banksta","92378","neutral","0.54","0.18","0.18","0.64","0","0","0","0","0","0","[{""aspect"":""markets"",""sentiment"":""neutral"",""score"":0.53},{""aspect"":""energy"",""sentiment"":""neutral"",""score"":0.53}]"
"gpt_min_0108","ru2chvg:56498","1ea4a57e-7859-42ff-bce9-86f187254e3b","ru2chvg","56498","neutral","0.59","0.47","0.1","0.43","0","0","0","0","0","0","[{""aspect"":""other"",""sentiment"":""neutral"",""score"":0.53}]"
"gpt_min_0109","rbc_news:147922","505c8811-84db-4450-beb8-32e0353b1107","rbc_news","147922","neutral","0.54","0.18","0.18","0.64","0","0","0","0","0","0","[{""aspect"":""transport"",""sentiment"":""neutral"",""score"":0.53}]"
"gpt_min_0110","banksta:92377","311f38dc-fb40-48dc-9e1e-7e8f0a6fc3a4","banksta","92377","neutral","0.59","0.47","0.1","0.43","0","0","0","0","0","0","[{""aspect"":""banking"",""sentiment"":""neutral"",""score"":0.53},{""aspect"":""markets"",""sentiment"":""neutral"",""score"":0.53},{""aspect"":""technology"",""sentiment"":""neutral"",""score"":0.53}]"
"gpt_min_0111","rbc_news:147921","b988c780-4a1b-4f5f-b60a-f822c0b27352","rbc_news","147921","neutral","0.59","0.12","0.47","0.41","0","0","0","0","0","0","[{""aspect"":""transport"",""sentiment"":""neutral"",""score"":0.53}]"
"gpt_min_0112","ru2chvg:56497","93c83f4f-e1a5-4eb0-a117-d0be9a224228","ru2chvg","56497","neutral","0.54","0.18","0.18","0.64","0","0","0","0","0","0","[{""aspect"":""other"",""sentiment"":""neutral"",""score"":0.53}]"
"gpt_min_0113","rbc_news:147920","d9c90153-800e-422d-b44b-94feb1babb9d","rbc_news","147920","neutral","0.59","0.47","0.1","0.43","0","0","0","0","0","0","[{""aspect"":""regulation"",""sentiment"":""neutral"",""score"":0.53}]"
"gpt_min_0114","condottieros:18221","ae8100d2-ae2e-4bf5-93c0-5e5d9d2cb584","condottieros","18221","neutral","0.54","0.18","0.18","0.64","0","0","0","0","0","0","[{""aspect"":""other"",""sentiment"":""neutral"",""score"":0.53}]"
"gpt_min_0115","condottieros:18220","fff3f6da-a54a-49d8-9aa0-01329388aa6a","condottieros","18220","neutral","0.54","0.18","0.18","0.64","0","0","0","0","0","0","[{""aspect"":""other"",""sentiment"":""neutral"",""score"":0.53}]"
"gpt_min_0116","rbc_news:147919","4577e2b5-07a5-41f9-ba7a-30ab14b221c7","rbc_news","147919","neutral","0.54","0.18","0.18","0.64","0","0","0","0","0","0","[{""aspect"":""markets"",""sentiment"":""neutral"",""score"":0.53},{""aspect"":""company_results"",""sentiment"":""neutral"",""score"":0.53}]"
"gpt_min_0117","rbc_news:147918","f2ea2f44-3673-426a-b063-b12893e8cc48","rbc_news","147918","neutral","0.54","0.18","0.18","0.64","0","0","0","0","0","0","[{""aspect"":""banking"",""sentiment"":""neutral"",""score"":0.53},{""aspect"":""markets"",""sentiment"":""neutral"",""score"":0.53}]"
"gpt_min_0118","banksta:92375","27d0a08b-170e-4b41-ba94-16d642baa064","banksta","92375","neutral","0.54","0.18","0.18","0.64","0","0","0","0","0","0","[{""aspect"":""other"",""sentiment"":""neutral"",""score"":0.53}]"
"gpt_min_0119","ru2chvg:56496","b650d799-b01c-46de-a68d-3f3946b34f30","ru2chvg","56496","neutral","0.59","0.47","0.1","0.43","0","0","0","0","0","0","[{""aspect"":""technology"",""sentiment"":""neutral"",""score"":0.53}]"
"gpt_min_0120","condottieros:18216","2d387fef-c2bf-47a1-978e-8951d851ecdc","condottieros","18216","neutral","0.54","0.18","0.18","0.64","0","0","0","0","0","0","[{""aspect"":""other"",""sentiment"":""neutral"",""score"":0.53}]"
"gpt_min_0121","rbc_news:147917","8e89e714-e682-4b47-a5c7-7f630187a2c6","rbc_news","147917","neutral","0.54","0.18","0.18","0.64","0","0","0","0","0","0","[{""aspect"":""markets"",""sentiment"":""neutral"",""score"":0.53},{""aspect"":""technology"",""sentiment"":""neutral"",""score"":0.53}]"
"gpt_min_0122","condottieros:18215","b93cc670-c9e0-472e-8308-d00bccc4b611","condottieros","18215","neutral","0.54","0.18","0.18","0.64","0","0","0","0","0","0","[{""aspect"":""markets"",""sentiment"":""neutral"",""score"":0.53}]"
"gpt_min_0123","condottieros:18214","1f2bffc3-8f0c-4389-b7a2-74c33ba90928","condottieros","18214","neutral","0.54","0.18","0.18","0.64","0","0","0","0","0","0","[{""aspect"":""other"",""sentiment"":""neutral"",""score"":0.53}]"
"gpt_min_0124","banksta:92374","082de662-4446-4307-9111-7ceeea14dae9","banksta","92374","negative","0.77","0.12","0.73","0.15","0","0.13","0","0","0","0","[{""aspect"":""war"",""sentiment"":""negative"",""score"":0.75},{""aspect"":""markets"",""sentiment"":""negative"",""score"":0.75},{""aspect"":""energy"",""sentiment"":""negative"",""score"":0.75}]"
"gpt_min_0125","rbc_news:147916","69e37f18-12b5-4504-9273-6c0019b60a8c","rbc_news","147916","neutral","0.54","0.18","0.18","0.64","0","0","0","0","0","0","[{""aspect"":""company_results"",""sentiment"":""neutral"",""score"":0.53}]"
"gpt_min_0126","banksta:92372","bec5c57b-a87a-47cd-bee8-664af77581e4","banksta","92372","neutral","0.54","0.18","0.18","0.64","0","0","0","0","0.14","0","[{""aspect"":""regulation"",""sentiment"":""neutral"",""score"":0.53},{""aspect"":""security"",""sentiment"":""neutral"",""score"":0.53}]"
"gpt_min_0127","ru2chvg:56495","6d9059de-672c-4ba4-b493-8329a3c756ce","ru2chvg","56495","neutral","0.54","0.18","0.18","0.64","0","0","0","0","0","0","[{""aspect"":""other"",""sentiment"":""neutral"",""score"":0.53}]"
"gpt_min_0128","rbc_news:147914","4c81f84b-ddaf-48ad-9d57-8d9a9f5285bb","rbc_news","147914","neutral","0.54","0.18","0.18","0.64","0","0","0","0","0","0","[{""aspect"":""markets"",""sentiment"":""neutral"",""score"":0.53},{""aspect"":""media"",""sentiment"":""neutral"",""score"":0.53}]"
"gpt_min_0129","rbc_news:147913","b43835eb-270d-4217-b69f-eccd35dba933","rbc_news","147913","neutral","0.54","0.18","0.18","0.64","0","0","0","0","0","0","[{""aspect"":""technology"",""sentiment"":""neutral"",""score"":0.53}]"
"gpt_min_0130","banksta:92371","4fc1f3d2-a97a-4d43-8077-afecb7850525","banksta","92371","neutral","0.54","0.18","0.18","0.64","0","0","0","0","0","0","[{""aspect"":""markets"",""sentiment"":""neutral"",""score"":0.53},{""aspect"":""technology"",""sentiment"":""neutral"",""score"":0.53}]"
"gpt_min_0131","rbc_news:147912","021e021a-9dca-4039-a246-7f77362bf9e0","rbc_news","147912","positive","0.72","0.68","0.1","0.22","0","0","0.08","0","0","0","[{""aspect"":""markets"",""sentiment"":""positive"",""score"":0.7},{""aspect"":""company_results"",""sentiment"":""positive"",""score"":0.7}]"
"gpt_min_0132","rbc_news:147911","e9066c9b-ded6-4ca6-9a5b-3f5786ae7973","rbc_news","147911","neutral","0.54","0.18","0.18","0.64","0","0","0","0","0","0","[{""aspect"":""other"",""sentiment"":""neutral"",""score"":0.53}]"
"gpt_min_0133","rbc_news:147910","82694e39-df60-4cbc-abbd-14cf1f3a88b3","rbc_news","147910","neutral","0.54","0.18","0.18","0.64","0","0","0","0","0","0","[{""aspect"":""war"",""sentiment"":""neutral"",""score"":0.53}]"
"gpt_min_0134","rbc_news:147909","3ca44edc-90af-425d-aefe-98fb1f60f1d7","rbc_news","147909","neutral","0.54","0.18","0.18","0.64","0","0","0","0","0.14","0","[{""aspect"":""security"",""sentiment"":""neutral"",""score"":0.53},{""aspect"":""media"",""sentiment"":""neutral"",""score"":0.53}]"
"gpt_min_0135","rbc_news:147908","883b2d8a-d4a8-4011-b344-e09b8f020fce","rbc_news","147908","positive","0.77","0.73","0.11","0.16","0","0","0.14","0","0","0","[{""aspect"":""banking"",""sentiment"":""positive"",""score"":0.75},{""aspect"":""gaming"",""sentiment"":""positive"",""score"":0.75}]"
"gpt_min_0136","rbc_news:147907","e9f30858-4fc1-4652-bd43-20437eefd8fa","rbc_news","147907","neutral","0.54","0.18","0.18","0.64","0","0","0","0","0","0","[{""aspect"":""war"",""sentiment"":""neutral"",""score"":0.53}]"
"gpt_min_0137","ru2chvg:56490","072bcc05-5244-4afd-baac-8c5f1fc75d68","ru2chvg","56490","neutral","0.54","0.18","0.18","0.64","0","0","0","0","0","0","[{""aspect"":""other"",""sentiment"":""neutral"",""score"":0.53}]"
"gpt_min_0138","ru2chvg:56487","69f24a61-4f5f-4c12-9236-b494242571e7","ru2chvg","56487","neutral","0.54","0.18","0.18","0.64","0","0","0","0","0","0","[{""aspect"":""other"",""sentiment"":""neutral"",""score"":0.53}]"
"gpt_min_0139","ru2chvg:56485","c94af55f-520c-4538-91c3-036a40adeb81","ru2chvg","56485","neutral","0.54","0.18","0.18","0.64","0","0","0","0","0","0","[{""aspect"":""technology"",""sentiment"":""neutral"",""score"":0.53}]"
"gpt_min_0140","ru2chvg:56481","7a1d30ec-800e-4a1d-a18e-bb90b09b5fa8","ru2chvg","56481","neutral","0.59","0.12","0.47","0.41","0","0","0","0.14","0","0","[{""aspect"":""gaming"",""sentiment"":""neutral"",""score"":0.53}]"
"gpt_min_0141","ru2chvg:56480","5eee36ee-7d4e-4fd1-b8ee-a73444a35665","ru2chvg","56480","neutral","0.59","0.47","0.1","0.43","0","0","0","0","0","0","[{""aspect"":""regulation"",""sentiment"":""neutral"",""score"":0.53}]"
"gpt_min_0142","ru2chvg:56479","c71dd14b-afcf-49d0-a6f9-65ef3720b325","ru2chvg","56479","neutral","0.54","0.18","0.18","0.64","0","0","0","0","0","0","[{""aspect"":""retail"",""sentiment"":""neutral"",""score"":0.53}]"
"gpt_min_0143","condottieros:18213","9189b9da-7bb4-4c81-a1a3-96be9253ed39","condottieros","18213","neutral","0.54","0.18","0.18","0.64","0","0","0","0","0","0","[{""aspect"":""other"",""sentiment"":""neutral"",""score"":0.53}]"
"gpt_min_0144","ru2chvg:56476","6a4d2838-60ab-4c5b-86b1-795d0b070d3e","ru2chvg","56476","positive","0.72","0.68","0.1","0.22","0","0","0.08","0","0","0","[{""aspect"":""banking"",""sentiment"":""positive"",""score"":0.7},{""aspect"":""technology"",""sentiment"":""positive"",""score"":0.7}]"
"gpt_min_0145","ru2chvg:56475","212f28a5-433c-45eb-8f37-45206b0296ef","ru2chvg","56475","neutral","0.54","0.18","0.18","0.64","0","0","0","0","0","0","[{""aspect"":""gaming"",""sentiment"":""neutral"",""score"":0.53}]"
"gpt_min_0146","ru2chvg:56474","d3bd5b36-944b-453f-9f11-0172ba7ae220","ru2chvg","56474","neutral","0.54","0.18","0.18","0.64","0","0","0","0","0","0","[{""aspect"":""technology"",""sentiment"":""neutral"",""score"":0.53}]"
"gpt_min_0147","condottieros:18212","3b4e25e6-3d6d-449a-a34b-38de5b708b0f","condottieros","18212","neutral","0.59","0.12","0.47","0.41","0","0","0","0.14","0","0","[{""aspect"":""markets"",""sentiment"":""neutral"",""score"":0.53}]"
"gpt_min_0148","condottieros:18211","c57fbb35-8a1d-41c0-8a77-10310fdbc576","condottieros","18211","neutral","0.54","0.18","0.18","0.64","0","0","0","0","0","0","[{""aspect"":""other"",""sentiment"":""neutral"",""score"":0.53}]"
"gpt_min_0149","condottieros:18210","758685e5-e2cb-4382-9b7f-59083885b276","condottieros","18210","neutral","0.54","0.18","0.18","0.64","0","0.13","0","0","0","0","[{""aspect"":""security"",""sentiment"":""neutral"",""score"":0.53}]"
"gpt_min_0150","ru2chvg:56471","0eda0f10-459a-405e-bba0-380b93b09723","ru2chvg","56471","neutral","0.54","0.18","0.18","0.64","0","0","0","0","0","0","[{""aspect"":""other"",""sentiment"":""neutral"",""score"":0.53}]"
"gpt_min_0151","ru2chvg:56469","2b134e3f-e7b3-4741-a26b-d2ded17cba7c","ru2chvg","56469","neutral","0.54","0.18","0.18","0.64","0","0","0","0","0","0","[{""aspect"":""gaming"",""sentiment"":""neutral"",""score"":0.53}]"
"gpt_min_0152","ru2chvg:56468","6a4fc01e-eb10-48c1-a315-479a305232cc","ru2chvg","56468","neutral","0.59","0.47","0.1","0.43","0","0","0","0","0","0","[{""aspect"":""banking"",""sentiment"":""neutral"",""score"":0.53},{""aspect"":""markets"",""sentiment"":""neutral"",""score"":0.53},{""aspect"":""technology"",""sentiment"":""neutral"",""score"":0.53}]"
"gpt_min_0153","ru2chvg:56462","162d175a-0e58-4dc0-8d7d-ab82c430c973","ru2chvg","56462","neutral","0.54","0.18","0.18","0.64","0","0","0","0","0","0","[{""aspect"":""gaming"",""sentiment"":""neutral"",""score"":0.53}]"
"gpt_min_0154","ru2chvg:56461","e2ecc1de-e938-4bb4-918f-1827358915e2","ru2chvg","56461","neutral","0.54","0.18","0.18","0.64","0","0","0","0","0","0","[{""aspect"":""technology"",""sentiment"":""neutral"",""score"":0.53},{""aspect"":""gaming"",""sentiment"":""neutral"",""score"":0.53}]"
"gpt_min_0155","ru2chvg:56460","78fe3ebe-b9a3-4e22-8b99-524a9b35b005","ru2chvg","56460","neutral","0.54","0.18","0.18","0.64","0","0","0","0","0","0","[{""aspect"":""technology"",""sentiment"":""neutral"",""score"":0.53}]"
"gpt_min_0156","ru2chvg:56459","d9b01e62-e31c-46b0-b17d-d4cd99f9b9d8","ru2chvg","56459","neutral","0.54","0.18","0.18","0.64","0","0","0","0","0","0","[{""aspect"":""regulation"",""sentiment"":""neutral"",""score"":0.53},{""aspect"":""gaming"",""sentiment"":""neutral"",""score"":0.53}]"
"gpt_min_0157","ru2chvg:56455","531d88c9-7e6e-4b7b-8192-aa23362fc7a3","ru2chvg","56455","neutral","0.54","0.18","0.18","0.64","0","0","0","0","0","0","[{""aspect"":""other"",""sentiment"":""neutral"",""score"":0.53}]"
"gpt_min_0158","condottieros:18209","8e7c2689-0514-41af-b677-dd8f737f7238","condottieros","18209","neutral","0.54","0.18","0.18","0.64","0","0","0","0","0","0","[{""aspect"":""other"",""sentiment"":""neutral"",""score"":0.53}]"
"gpt_min_0159","ru2chvg:56453","05621fb0-0fd1-4d89-9258-656fbf6a70bb","ru2chvg","56453","neutral","0.54","0.18","0.18","0.64","0","0","0","0","0","0","[{""aspect"":""other"",""sentiment"":""neutral"",""score"":0.53}]"
"gpt_min_0160","condottieros:18208","7f43e4fd-31ca-4577-8dd7-c2bf81637839","condottieros","18208","neutral","0.54","0.18","0.18","0.64","0","0","0","0","0","0","[{""aspect"":""energy"",""sentiment"":""neutral"",""score"":0.53}]"
"gpt_min_0161","ru2chvg:56450","58760b8a-485c-4563-91e5-d9a73fabb7a1","ru2chvg","56450","neutral","0.54","0.18","0.18","0.64","0","0","0","0","0.14","0","[{""aspect"":""security"",""sentiment"":""neutral"",""score"":0.53},{""aspect"":""gaming"",""sentiment"":""neutral"",""score"":0.53}]"
"gpt_min_0162","ru2chvg:56449","3c0bf205-75d2-44eb-83c4-da08e1fe7a6f","ru2chvg","56449","neutral","0.54","0.18","0.18","0.64","0","0","0","0","0","0","[{""aspect"":""other"",""sentiment"":""neutral"",""score"":0.53}]"
"gpt_min_0163","condottieros:18207","0e0f1de0-9121-43c1-828c-7c575eee1991","condottieros","18207","neutral","0.59","0.12","0.47","0.41","0","0","0","0","0","0","[{""aspect"":""other"",""sentiment"":""neutral"",""score"":0.53}]"
"gpt_min_0164","condottieros:18206","eb0cae29-34cd-47c9-9289-878c0fc8138e","condottieros","18206","neutral","0.54","0.18","0.18","0.64","0","0","0","0","0","0","[{""aspect"":""other"",""sentiment"":""neutral"",""score"":0.53}]"
"gpt_min_0165","condottieros:18205","a89a84db-a189-41e3-943a-a40340f2cf02","condottieros","18205","neutral","0.59","0.47","0.1","0.43","0","0","0","0","0","0","[{""aspect"":""other"",""sentiment"":""neutral"",""score"":0.53}]"
"gpt_min_0166","condottieros:18203","ef39ffa0-87a2-49ab-b78e-c4b3520e7fdd","condottieros","18203","neutral","0.54","0.18","0.18","0.64","0","0","0","0","0","0","[{""aspect"":""other"",""sentiment"":""neutral"",""score"":0.53}]"
"gpt_min_0167","condottieros:18202","71ef5e1d-9cab-4268-9377-b71f4070e80a","condottieros","18202","neutral","0.54","0.18","0.18","0.64","0","0","0","0","0","0","[{""aspect"":""other"",""sentiment"":""neutral"",""score"":0.53}]"
"gpt_min_0168","ru2chvg:56446","3a2c06cd-4d3f-4758-bf8e-48bafbd5e1fb","ru2chvg","56446","neutral","0.54","0.18","0.18","0.64","0","0","0","0","0","0","[{""aspect"":""other"",""sentiment"":""neutral"",""score"":0.53}]"
"gpt_min_0169","condottieros:18201","46f71f09-e68e-45f7-85b9-83d78fb68c25","condottieros","18201","neutral","0.54","0.18","0.18","0.64","0","0","0","0","0","0","[{""aspect"":""regulation"",""sentiment"":""neutral"",""score"":0.53}]"
"gpt_min_0170","condottieros:18199","99cc7b60-aea5-4d29-925a-d0149369d053","condottieros","18199","neutral","0.54","0.18","0.18","0.64","0","0","0","0","0","0","[{""aspect"":""other"",""sentiment"":""neutral"",""score"":0.53}]"
"gpt_min_0171","condottieros:18198","1e883f03-59c5-4cee-808b-e383a383ea67","condottieros","18198","neutral","0.54","0.18","0.18","0.64","0","0","0","0","0","0","[{""aspect"":""technology"",""sentiment"":""neutral"",""score"":0.53}]"
"gpt_min_0172","condottieros:18197","8ed7d8a3-e2a9-4c0d-96dd-d34500b784fc","condottieros","18197","neutral","0.54","0.18","0.18","0.64","0","0","0","0","0","0","[{""aspect"":""other"",""sentiment"":""neutral"",""score"":0.53}]"
"gpt_min_0173","ru2chvg:56441","6380b654-77ba-47e1-9a13-ee5e54e0d3f5","ru2chvg","56441","neutral","0.54","0.18","0.18","0.64","0","0","0","0","0","0","[{""aspect"":""other"",""sentiment"":""neutral"",""score"":0.53}]"
"gpt_min_0174","condottieros:18196","722cd016-44b1-4563-bf7b-a87a4f94fbab","condottieros","18196","neutral","0.54","0.18","0.18","0.64","0","0","0","0","0","0","[{""aspect"":""other"",""sentiment"":""neutral"",""score"":0.53}]"
"gpt_min_0175","condottieros:18195","a6ef09ac-0b03-4e61-9766-a70fa7b81cd1","condottieros","18195","neutral","0.54","0.18","0.18","0.64","0","0","0","0","0","0","[{""aspect"":""other"",""sentiment"":""neutral"",""score"":0.53}]"
"gpt_min_0176","condottieros:18194","21f5eee8-987f-457a-931d-003adbaf7de9","condottieros","18194","neutral","0.59","0.12","0.47","0.41","0","0","0","0","0","0","[{""aspect"":""gaming"",""sentiment"":""neutral"",""score"":0.53}]"
"gpt_min_0177","condottieros:18192","c745332a-155b-4e2a-b81e-2f3bc62b6a4d","condottieros","18192","neutral","0.54","0.18","0.18","0.64","0","0.13","0","0","0","0","[{""aspect"":""security"",""sentiment"":""neutral"",""score"":0.53}]"
"gpt_min_0178","condottieros:18191","9b0e9b4c-146f-4b4d-bfe2-fd75fd9a84fc","condottieros","18191","neutral","0.54","0.18","0.18","0.64","0","0","0","0","0","0","[{""aspect"":""technology"",""sentiment"":""neutral"",""score"":0.53}]"
"gpt_min_0179","ru2chvg:56438","900b850a-0a9a-4881-a89b-a0fa0eff6c91","ru2chvg","56438","neutral","0.59","0.47","0.1","0.43","0","0","0","0","0","0","[{""aspect"":""markets"",""sentiment"":""neutral"",""score"":0.53},{""aspect"":""gaming"",""sentiment"":""neutral"",""score"":0.53}]"
"gpt_min_0180","ru2chvg:56435","7b69ceb3-f13e-4726-8c43-0b934cad12e5","ru2chvg","56435","neutral","0.54","0.18","0.18","0.64","0","0","0","0","0","0","[{""aspect"":""media"",""sentiment"":""neutral"",""score"":0.53},{""aspect"":""gaming"",""sentiment"":""neutral"",""score"":0.53}]"
"gpt_min_0181","condottieros:18190","19c7de51-7f96-4309-91fc-e9a06a91aa12","condottieros","18190","negative","0.72","0.12","0.68","0.2","0","0.13","0","0","0","0","[{""aspect"":""war"",""sentiment"":""negative"",""score"":0.7},{""aspect"":""energy"",""sentiment"":""negative"",""score"":0.7}]"
"gpt_min_0182","ru2chvg:56425","73e45660-2e5f-4f7a-bee8-9cede2d7d5a8","ru2chvg","56425","neutral","0.54","0.18","0.18","0.64","0","0","0","0","0","0","[{""aspect"":""other"",""sentiment"":""neutral"",""score"":0.53}]"
"gpt_min_0183","ru2chvg:56424","041c0837-f001-4a0a-b242-bdbc65ef350f","ru2chvg","56424","neutral","0.59","0.47","0.1","0.43","0","0","0","0","0","0","[{""aspect"":""gaming"",""sentiment"":""neutral"",""score"":0.53}]"
"gpt_min_0184","condottieros:18188","771eeaaa-9bc4-4bed-a392-87613f24d4ce","condottieros","18188","neutral","0.54","0.18","0.18","0.64","0","0","0","0","0","0","[{""aspect"":""other"",""sentiment"":""neutral"",""score"":0.53}]"
"gpt_min_0185","ru2chvg:56423","60651fff-39ef-4a99-838b-645159cafe6b","ru2chvg","56423","neutral","0.54","0.18","0.18","0.64","0","0","0","0","0","0","[{""aspect"":""gaming"",""sentiment"":""neutral"",""score"":0.53}]"
"gpt_min_0186","condottieros:18187","c82fcb7d-a290-49d4-93bd-8587b56ec1fa","condottieros","18187","neutral","0.59","0.47","0.1","0.43","0","0","0.14","0","0","0","[{""aspect"":""regulation"",""sentiment"":""neutral"",""score"":0.53},{""aspect"":""energy"",""sentiment"":""neutral"",""score"":0.53}]"
"gpt_min_0187","ru2chvg:56422","4edc43f6-3dc7-41f2-848d-e8844b8d30ea","ru2chvg","56422","neutral","0.54","0.18","0.18","0.64","0","0","0","0","0","0","[{""aspect"":""technology"",""sentiment"":""neutral"",""score"":0.53},{""aspect"":""media"",""sentiment"":""neutral"",""score"":0.53}]"
"gpt_min_0188","condottieros:18185","91f3bf35-cfb5-4ac9-b84a-99d18c47f3c7","condottieros","18185","neutral","0.54","0.18","0.18","0.64","0","0","0","0","0","0","[{""aspect"":""energy"",""sentiment"":""neutral"",""score"":0.53}]"
"gpt_min_0189","ru2chvg:56417","b330e48e-53d2-4d52-860f-d0e74ed334e5","ru2chvg","56417","negative","0.77","0.12","0.73","0.15","0.16","0","0","0.14","0","0","[{""aspect"":""security"",""sentiment"":""negative"",""score"":0.75}]"
"gpt_min_0190","condottieros:18183","174a5d9a-cbf8-46c2-adc4-3a423c56b703","condottieros","18183","neutral","0.54","0.18","0.18","0.64","0","0","0","0","0","0","[{""aspect"":""security"",""sentiment"":""neutral"",""score"":0.53}]"
"gpt_min_0191","condottieros:18182","2a2c45de-97f8-44ae-9aec-5e098c0f178b","condottieros","18182","neutral","0.59","0.12","0.47","0.41","0.16","0","0","0.14","0","0","[{""aspect"":""war"",""sentiment"":""neutral"",""score"":0.53}]"
"gpt_min_0192","ru2chvg:56413","88cd6471-f6d1-4efc-8ddb-83fd34e2e6ae","ru2chvg","56413","neutral","0.59","0.47","0.1","0.43","0","0","0","0","0","0","[{""aspect"":""gaming"",""sentiment"":""neutral"",""score"":0.53}]"
"gpt_min_0193","condottieros:18181","124dae46-df5c-42fd-918a-aa01cd88ac85","condottieros","18181","neutral","0.54","0.18","0.18","0.64","0","0","0","0","0","0","[{""aspect"":""regulation"",""sentiment"":""neutral"",""score"":0.53}]"
"gpt_min_0194","condottieros:18180","d26c6e0c-0838-435f-8ef3-ab2fff0b708e","condottieros","18180","negative","0.72","0.12","0.68","0.2","0","0","0","0.14","0","0","[{""aspect"":""war"",""sentiment"":""negative"",""score"":0.7}]"
"gpt_min_0195","condottieros:18179","2584e69f-9b6e-4d82-b616-e39b550f6032","condottieros","18179","neutral","0.54","0.18","0.18","0.64","0","0","0","0","0","0","[{""aspect"":""company_results"",""sentiment"":""neutral"",""score"":0.53}]"
"gpt_min_0196","condottieros:18178","2721ef9f-2464-4e27-9dc1-e3eb08a971b9","condottieros","18178","neutral","0.59","0.12","0.47","0.41","0","0","0","0","0","0","[{""aspect"":""other"",""sentiment"":""neutral"",""score"":0.53}]"
"gpt_min_0197","condottieros:18176","c79e9126-a9e1-469c-82e8-76bb424c6232","condottieros","18176","neutral","0.54","0.18","0.18","0.64","0.16","0.13","0.14","0","0","0","[{""aspect"":""war"",""sentiment"":""neutral"",""score"":0.53},{""aspect"":""transport"",""sentiment"":""neutral"",""score"":0.53},{""aspect"":""security"",""sentiment"":""neutral"",""score"":0.53}]"
"gpt_min_0198","condottieros:18177","6d9670e8-1ad6-4f00-b943-41350e32dbad","condottieros","18177","neutral","0.54","0.18","0.18","0.64","0.16","0","0.14","0","0","0","[{""aspect"":""war"",""sentiment"":""neutral"",""score"":0.53},{""aspect"":""transport"",""sentiment"":""neutral"",""score"":0.53}]"
"gpt_min_0199","condottieros:18175","0a92e334-63f0-49a6-8d6f-3c1efeeaf6c2","condottieros","18175","neutral","0.59","0.12","0.47","0.41","0","0.13","0","0","0","0","[{""aspect"":""war"",""sentiment"":""neutral"",""score"":0.53}]"
"gpt_min_0200","condottieros:18174","c963b6e6-d8e9-4ea1-8d0f-402de7d8de30","condottieros","18174","neutral","0.54","0.18","0.18","0.64","0","0","0","0","0","0","[{""aspect"":""other"",""sentiment"":""neutral"",""score"":0.53}]"
"gpt_min_0201","rbc_news:146005","6843a5e8-40c9-4bb9-83ac-4c9cc2d44ded","rbc_news","146005","neutral","0.51","0.22","0.23","0.55","0","0","0","0","0","0","[{""aspect"":""other"",""sentiment"":""neutral"",""score"":0.53}]"
"gpt_min_0202","rbc_news:145971","db2dc9f4-01dd-43aa-a0f5-167d4ab53f57","rbc_news","145971","neutral","0.51","0.22","0.23","0.55","0","0","0","0","0","0","[{""aspect"":""other"",""sentiment"":""neutral"",""score"":0.53}]"
"gpt_min_0203","rbc_news:145953","6cd987a5-5593-4707-8785-e8f1b947faf2","rbc_news","145953","neutral","0.51","0.22","0.23","0.55","0","0","0","0","0","0","[{""aspect"":""other"",""sentiment"":""neutral"",""score"":0.53}]"
"gpt_min_0204","rbc_news:145952","22b47385-a051-4fa0-b045-53a4d86cb315","rbc_news","145952","neutral","0.51","0.22","0.23","0.55","0","0","0","0","0","0","[{""aspect"":""markets"",""sentiment"":""neutral"",""score"":0.53},{""aspect"":""energy"",""sentiment"":""neutral"",""score"":0.53},{""aspect"":""media"",""sentiment"":""neutral"",""score"":0.53}]"
"gpt_min_0205","rbc_news:145935","90c13542-8668-406c-b531-54a56c9ffa6a","rbc_news","145935","neutral","0.51","0.22","0.23","0.55","0","0","0","0","0","0","[{""aspect"":""media"",""sentiment"":""neutral"",""score"":0.53}]"
"gpt_min_0206","rbc_news:145923","332493be-cccd-4a06-86c8-f7aee9afd49c","rbc_news","145923","neutral","0.51","0.22","0.23","0.55","0","0","0","0","0","0","[{""aspect"":""markets"",""sentiment"":""neutral"",""score"":0.53},{""aspect"":""media"",""sentiment"":""neutral"",""score"":0.53}]"
"gpt_min_0207","rbc_news:145910","09b442eb-c24b-42a0-bf94-a5ea24ba15ae","rbc_news","145910","neutral","0.51","0.22","0.23","0.55","0","0","0","0","0","0","[{""aspect"":""media"",""sentiment"":""neutral"",""score"":0.53}]"
"gpt_min_0208","rbc_news:145909","1977d200-b6bb-43e0-b236-6458a44b89de","rbc_news","145909","neutral","0.51","0.22","0.23","0.55","0","0","0","0","0","0","[{""aspect"":""other"",""sentiment"":""neutral"",""score"":0.53}]"
"gpt_min_0209","rbc_news:145874","ab6e1e00-9a96-4b2e-b46b-922b1eb741fe","rbc_news","145874","neutral","0.51","0.22","0.23","0.55","0","0","0","0","0","0","[{""aspect"":""markets"",""sentiment"":""neutral"",""score"":0.53},{""aspect"":""media"",""sentiment"":""neutral"",""score"":0.53}]"
"gpt_min_0210","rbc_news:145867","7a7d694a-4d24-4335-a67e-83850af9386e","rbc_news","145867","neutral","0.51","0.22","0.23","0.55","0","0","0","0","0","0","[{""aspect"":""transport"",""sentiment"":""neutral"",""score"":0.53},{""aspect"":""media"",""sentiment"":""neutral"",""score"":0.53}]"
"gpt_min_0211","rbc_news:145864","dc2c932c-c633-4eb0-a16f-aa0fba7f99c5","rbc_news","145864","neutral","0.51","0.22","0.23","0.55","0","0","0","0","0","0","[{""aspect"":""other"",""sentiment"":""neutral"",""score"":0.53}]"
"gpt_min_0212","rbc_news:145846","33662a7f-cec1-4c75-9211-863892ded69e","rbc_news","145846","neutral","0.54","0.18","0.18","0.64","0","0","0","0","0","0","[{""aspect"":""other"",""sentiment"":""neutral"",""score"":0.53}]"
"gpt_min_0213","rbc_news:145845","465daeda-ad19-40df-9793-cc250f24d501","rbc_news","145845","neutral","0.51","0.22","0.23","0.55","0","0","0","0","0","0","[{""aspect"":""media"",""sentiment"":""neutral"",""score"":0.53}]"
"gpt_min_0214","rbc_news:145841","92f8795e-dbbb-4e5f-9d2f-47ecb2a4d0a5","rbc_news","145841","neutral","0.54","0.18","0.18","0.64","0","0","0","0","0","0","[{""aspect"":""technology"",""sentiment"":""neutral"",""score"":0.53},{""aspect"":""security"",""sentiment"":""neutral"",""score"":0.53},{""aspect"":""media"",""sentiment"":""neutral"",""score"":0.53}]"
"gpt_min_0215","rbc_news:145829","b2d518e3-ab49-45bd-a141-305a6c2b4950","rbc_news","145829","neutral","0.51","0.22","0.23","0.55","0","0","0","0","0","0","[{""aspect"":""other"",""sentiment"":""neutral"",""score"":0.53}]"
"gpt_min_0216","rbc_news:145817","83c17b03-2e9e-410e-b066-8dca79cb3ad8","rbc_news","145817","neutral","0.51","0.22","0.23","0.55","0","0","0","0","0","0","[{""aspect"":""gaming"",""sentiment"":""neutral"",""score"":0.53}]"
"gpt_min_0217","rbc_news:145801","b500fc46-e552-4522-9ba4-5456bf5ce9e7","rbc_news","145801","neutral","0.51","0.22","0.23","0.55","0","0","0","0","0","0","[{""aspect"":""media"",""sentiment"":""neutral"",""score"":0.53}]"
"gpt_min_0218","rbc_news:145785","c4aee3e3-f759-4a0e-a0ab-dad911b57d64","rbc_news","145785","neutral","0.51","0.22","0.23","0.55","0","0","0","0","0","0","[{""aspect"":""media"",""sentiment"":""neutral"",""score"":0.53}]"
"gpt_min_0219","rbc_news:145740","bc6303d7-772d-4bc2-985a-cb3316311290","rbc_news","145740","neutral","0.51","0.22","0.23","0.55","0","0","0","0","0","0","[{""aspect"":""other"",""sentiment"":""neutral"",""score"":0.53}]"
"gpt_min_0220","rbc_news:145687","f631ac46-4540-422b-8e7a-902b679103a2","rbc_news","145687","neutral","0.51","0.22","0.23","0.55","0","0","0","0","0","0","[{""aspect"":""media"",""sentiment"":""neutral"",""score"":0.53}]"
"gpt_min_0221","rbc_news:145672","fdde58b3-da31-4c54-8b74-7af77da125d2","rbc_news","145672","neutral","0.51","0.22","0.23","0.55","0","0","0","0","0","0","[{""aspect"":""media"",""sentiment"":""neutral"",""score"":0.53}]"
"gpt_min_0222","rbc_news:145662","f319531f-b235-467e-a33f-14850474915e","rbc_news","145662","neutral","0.51","0.22","0.23","0.55","0","0","0","0","0","0","[{""aspect"":""markets"",""sentiment"":""neutral"",""score"":0.53},{""aspect"":""energy"",""sentiment"":""neutral"",""score"":0.53},{""aspect"":""media"",""sentiment"":""neutral"",""score"":0.53}]"
"gpt_min_0223","rbc_news:145640","915ef634-7085-4197-99e9-26e8260f1f7c","rbc_news","145640","neutral","0.51","0.22","0.23","0.55","0","0","0","0","0","0","[{""aspect"":""other"",""sentiment"":""neutral"",""score"":0.53}]"
"gpt_min_0224","rbc_news:145620","33376ff6-ee82-4d12-aa96-d857fe728a92","rbc_news","145620","neutral","0.51","0.22","0.23","0.55","0","0","0","0","0","0","[{""aspect"":""other"",""sentiment"":""neutral"",""score"":0.53}]"
"gpt_min_0225","rbc_news:145614","406bf965-ddad-4197-9331-4f8a3d3c274a","rbc_news","145614","neutral","0.51","0.22","0.23","0.55","0","0","0","0","0","0","[{""aspect"":""media"",""sentiment"":""neutral"",""score"":0.53}]"
"gpt_min_0226","rbc_news:145607","de6d80cb-7797-45d8-85d4-db4cffd80a4a","rbc_news","145607","neutral","0.51","0.22","0.23","0.55","0","0","0","0","0","0","[{""aspect"":""other"",""sentiment"":""neutral"",""score"":0.53}]"
"gpt_min_0227","rbc_news:145516","68d5b827-5035-42f5-ba2c-9570233c2761","rbc_news","145516","neutral","0.51","0.22","0.23","0.55","0","0","0","0","0","0","[{""aspect"":""media"",""sentiment"":""neutral"",""score"":0.53}]"
"gpt_min_0228","rbc_news:145476","a6a22d9d-36eb-4187-be1c-9c21fccb5c4b","rbc_news","145476","neutral","0.54","0.18","0.18","0.64","0","0","0","0","0","0","[{""aspect"":""media"",""sentiment"":""neutral"",""score"":0.53}]"
"gpt_min_0229","rbc_news:145472","6ee928eb-484b-4b35-86b0-cb1b486dc70e","rbc_news","145472","neutral","0.51","0.22","0.23","0.55","0","0","0","0","0","0","[{""aspect"":""other"",""sentiment"":""neutral"",""score"":0.53}]"
"gpt_min_0230","rbc_news:145451","a8912cb7-d6c8-4e8a-bcb0-174848d94af7","rbc_news","145451","neutral","0.51","0.22","0.23","0.55","0","0","0","0","0","0","[{""aspect"":""technology"",""sentiment"":""neutral"",""score"":0.53}]"
"gpt_min_0231","rbc_news:145415","4377efda-ff38-4106-88f4-3fe001e159fb","rbc_news","145415","neutral","0.54","0.18","0.18","0.64","0","0","0","0","0","0","[{""aspect"":""transport"",""sentiment"":""neutral"",""score"":0.53}]"
"gpt_min_0232","rbc_news:145352","53827aee-a2c7-473b-a31d-def78025d1e9","rbc_news","145352","neutral","0.51","0.22","0.23","0.55","0","0","0","0","0","0","[{""aspect"":""other"",""sentiment"":""neutral"",""score"":0.53}]"
"gpt_min_0233","rbc_news:145348","9b17e6df-5e6f-4210-9f46-b4d0b21105b4","rbc_news","145348","neutral","0.51","0.22","0.23","0.55","0","0","0","0","0","0","[{""aspect"":""other"",""sentiment"":""neutral"",""score"":0.53}]"
"gpt_min_0234","rbc_news:145327","2bcb8132-29f6-43ae-83c3-82114e7d3299","rbc_news","145327","neutral","0.51","0.22","0.23","0.55","0","0","0","0","0","0","[{""aspect"":""other"",""sentiment"":""neutral"",""score"":0.53}]"
"gpt_min_0235","rbc_news:145322","f6bfbe88-edd1-4df3-b0cf-39e21e7f0089","rbc_news","145322","neutral","0.51","0.22","0.23","0.55","0","0","0","0","0","0","[{""aspect"":""other"",""sentiment"":""neutral"",""score"":0.53}]"
"gpt_min_0236","rbc_news:145317","9d4761da-4556-4a80-8b60-93d8b7217431","rbc_news","145317","neutral","0.51","0.22","0.23","0.55","0","0","0","0","0","0","[{""aspect"":""other"",""sentiment"":""neutral"",""score"":0.53}]"
"gpt_min_0237","rbc_news:145308","b21e9d53-fc67-4338-bf32-221365926de7","rbc_news","145308","neutral","0.51","0.22","0.23","0.55","0","0","0","0","0","0","[{""aspect"":""other"",""sentiment"":""neutral"",""score"":0.53}]"
"gpt_min_0238","rbc_news:145307","f7c37578-af1b-4703-a750-c710c8c4689f","rbc_news","145307","neutral","0.51","0.22","0.23","0.55","0","0","0","0","0","0","[{""aspect"":""other"",""sentiment"":""neutral"",""score"":0.53}]"
"gpt_min_0239","rbc_news:145301","970a6e5b-6505-4feb-8bc8-593ce5033400","rbc_news","145301","neutral","0.51","0.22","0.23","0.55","0","0","0","0","0","0","[{""aspect"":""other"",""sentiment"":""neutral"",""score"":0.53}]"
"gpt_min_0240","rbc_news:145285","7041a45a-decd-452a-9693-77b94058a1c5","rbc_news","145285","neutral","0.51","0.22","0.23","0.55","0","0","0","0","0","0","[{""aspect"":""media"",""sentiment"":""neutral"",""score"":0.53}]"
"gpt_min_0241","rbc_news:145277","aab0585a-ed84-4fe7-8c69-41a7727ebd12","rbc_news","145277","neutral","0.51","0.22","0.23","0.55","0","0","0","0","0","0","[{""aspect"":""media"",""sentiment"":""neutral"",""score"":0.53}]"
"gpt_min_0242","rbc_news:145268","92c44f2d-db28-4e47-b877-3d3e7b6907ab","rbc_news","145268","neutral","0.51","0.22","0.23","0.55","0","0","0","0","0","0","[{""aspect"":""media"",""sentiment"":""neutral"",""score"":0.53}]"
"gpt_min_0243","rbc_news:145238","0cc9f35f-1feb-47a5-b3ce-28f675a9b5ad","rbc_news","145238","neutral","0.54","0.18","0.18","0.64","0","0","0","0","0","0","[{""aspect"":""other"",""sentiment"":""neutral"",""score"":0.53}]"
"gpt_min_0244","rbc_news:145235","79d2cb25-fccf-4b64-90c0-20942563fe50","rbc_news","145235","neutral","0.51","0.22","0.23","0.55","0","0","0","0","0","0","[{""aspect"":""technology"",""sentiment"":""neutral"",""score"":0.53}]"
"gpt_min_0245","rbc_news:145232","413dcab1-fbe9-4642-92f4-afec9e0458b2","rbc_news","145232","neutral","0.51","0.22","0.23","0.55","0","0","0","0","0","0","[{""aspect"":""media"",""sentiment"":""neutral"",""score"":0.53}]"
"gpt_min_0246","rbc_news:145228","8efced02-3e64-4d58-989e-ba76efeb269b","rbc_news","145228","neutral","0.54","0.18","0.18","0.64","0","0","0","0","0","0","[{""aspect"":""other"",""sentiment"":""neutral"",""score"":0.53}]"
"gpt_min_0247","rbc_news:145187","5aeb104d-5b45-417c-97c3-551d0987bb60","rbc_news","145187","neutral","0.54","0.18","0.18","0.64","0","0","0","0","0","0","[{""aspect"":""other"",""sentiment"":""neutral"",""score"":0.53}]"
"gpt_min_0248","rbc_news:145181","afc5246b-3d12-4fa6-91f1-6445ebe185a2","rbc_news","145181","neutral","0.51","0.22","0.23","0.55","0","0","0","0","0","0","[{""aspect"":""other"",""sentiment"":""neutral"",""score"":0.53}]"
"gpt_min_0249","rbc_news:145177","cd142f54-306b-4e01-9630-1e42a5fa04a6","rbc_news","145177","neutral","0.54","0.18","0.18","0.64","0","0","0","0","0","0","[{""aspect"":""media"",""sentiment"":""neutral"",""score"":0.53}]"
"gpt_min_0250","rbc_news:145173","39fd9724-8680-4dfd-9db4-e95b29d5cbed","rbc_news","145173","neutral","0.51","0.22","0.23","0.55","0","0","0","0","0","0","[{""aspect"":""media"",""sentiment"":""neutral"",""score"":0.53}]"
"gpt_min_0251","Cbpub:71137","42c90a69-302b-4c1e-904d-82c490682793","Cbpub","71137","neutral","0.54","0.18","0.18","0.64","0","0","0","0","0","0","[{""aspect"":""banking"",""sentiment"":""neutral"",""score"":0.53},{""aspect"":""technology"",""sentiment"":""neutral"",""score"":0.53},{""aspect"":""retail"",""sentiment"":""neutral"",""score"":0.53}]"
"gpt_min_0252","Cbpub:70958","31ef4d02-c8dd-4e68-8622-a200df6a6636","Cbpub","70958","neutral","0.51","0.22","0.23","0.55","0","0","0","0","0","0","[{""aspect"":""transport"",""sentiment"":""neutral"",""score"":0.53}]"
"gpt_min_0253","banksta:89304","38cfd6ff-0d0a-42c1-8010-34773470be57","banksta","89304","neutral","0.54","0.18","0.18","0.64","0","0","0","0","0","0","[{""aspect"":""other"",""sentiment"":""neutral"",""score"":0.53}]"
"gpt_min_0254","banksta:89258","efb1f857-8299-4f68-9848-15143a95de1d","banksta","89258","neutral","0.51","0.22","0.23","0.55","0","0","0","0","0","0","[{""aspect"":""other"",""sentiment"":""neutral"",""score"":0.53}]"
"gpt_min_0255","banksta:89249","3000228c-a28d-46e4-bd35-a4c2382ea5c0","banksta","89249","neutral","0.51","0.22","0.23","0.55","0","0","0","0","0","0","[{""aspect"":""other"",""sentiment"":""neutral"",""score"":0.53}]"
"gpt_min_0256","banksta:89171","34a7c2f9-b1d7-48e6-820c-b272001125ef","banksta","89171","neutral","0.51","0.22","0.23","0.55","0","0","0","0","0","0","[{""aspect"":""technology"",""sentiment"":""neutral"",""score"":0.53}]"
"gpt_min_0257","banksta:89133","05c22853-6d42-43e1-9dd3-42027d4a3dee","banksta","89133","neutral","0.51","0.22","0.23","0.55","0","0","0","0","0","0","[{""aspect"":""other"",""sentiment"":""neutral"",""score"":0.53}]"
"gpt_min_0258","banksta:89119","81f189b1-fca3-4fbd-af74-541b8a942da3","banksta","89119","neutral","0.51","0.22","0.23","0.55","0","0","0","0","0","0","[{""aspect"":""company_results"",""sentiment"":""neutral"",""score"":0.53}]"
"gpt_min_0259","banksta:89099","5a02758c-66f7-4e47-8246-720fd4dfd94e","banksta","89099","neutral","0.51","0.22","0.23","0.55","0","0","0","0","0","0","[{""aspect"":""markets"",""sentiment"":""neutral"",""score"":0.53},{""aspect"":""company_results"",""sentiment"":""neutral"",""score"":0.53}]"
"gpt_min_0260","banksta:89080","0758d1f4-4bb3-4d5a-9a7d-1c5df8e17e15","banksta","89080","neutral","0.51","0.22","0.23","0.55","0","0","0","0","0","0","[{""aspect"":""other"",""sentiment"":""neutral"",""score"":0.53}]"
"gpt_min_0261","banksta:89072","7eb5f640-8a47-4fd8-baf7-f5a134450564","banksta","89072","neutral","0.51","0.22","0.23","0.55","0","0","0","0","0","0","[{""aspect"":""media"",""sentiment"":""neutral"",""score"":0.53}]"
"gpt_min_0262","banksta:88996","bf10fa2d-af1e-4097-ab14-f6a35aa9e2b7","banksta","88996","neutral","0.51","0.22","0.23","0.55","0","0","0","0","0","0","[{""aspect"":""other"",""sentiment"":""neutral"",""score"":0.53}]"
"gpt_min_0263","banksta:88995","1d540621-d2a4-42a5-b154-4692434515cb","banksta","88995","neutral","0.51","0.22","0.23","0.55","0","0","0","0","0","0","[{""aspect"":""media"",""sentiment"":""neutral"",""score"":0.53}]"
"gpt_min_0264","banksta:88969","f72ec0e2-a09a-4f1a-b8cd-c0e0b3a25aee","banksta","88969","neutral","0.51","0.22","0.23","0.55","0","0","0","0","0","0","[{""aspect"":""technology"",""sentiment"":""neutral"",""score"":0.53}]"
"gpt_min_0265","banksta:88884","ef8f3cc0-61cf-41b9-8a9c-e91b22c2c727","banksta","88884","neutral","0.51","0.22","0.23","0.55","0","0","0","0","0","0","[{""aspect"":""markets"",""sentiment"":""neutral"",""score"":0.53},{""aspect"":""energy"",""sentiment"":""neutral"",""score"":0.53}]"
"gpt_min_0266","banksta:88875","4fda38b0-37c5-47ca-924c-62ced791e452","banksta","88875","neutral","0.54","0.18","0.18","0.64","0","0","0","0","0","0","[{""aspect"":""other"",""sentiment"":""neutral"",""score"":0.53}]"
"gpt_min_0267","banksta:88817","75171140-e8fa-407c-8fdd-82740c11b03d","banksta","88817","neutral","0.51","0.22","0.23","0.55","0","0","0","0","0","0","[{""aspect"":""other"",""sentiment"":""neutral"",""score"":0.53}]"
"gpt_min_0268","banksta:88798","98581773-f54a-4b05-b299-fd6498062458","banksta","88798","neutral","0.54","0.18","0.18","0.64","0","0","0","0","0","0","[{""aspect"":""technology"",""sentiment"":""neutral"",""score"":0.53}]"
"gpt_min_0269","banksta:88678","9d0d0cb2-57bf-4088-8a7a-be5ff8e603b0","banksta","88678","neutral","0.54","0.18","0.18","0.64","0","0","0","0","0","0","[{""aspect"":""other"",""sentiment"":""neutral"",""score"":0.53}]"
"gpt_min_0270","banksta:88639","389c944e-36f3-457f-b1ca-b41b8ef4def3","banksta","88639","neutral","0.51","0.22","0.23","0.55","0","0","0","0","0","0","[{""aspect"":""other"",""sentiment"":""neutral"",""score"":0.53}]"
"gpt_min_0271","banksta:88487","8614fb30-186b-4ea6-b351-d4c00f6d9409","banksta","88487","neutral","0.54","0.18","0.18","0.64","0","0","0","0","0","0","[{""aspect"":""technology"",""sentiment"":""neutral"",""score"":0.53},{""aspect"":""media"",""sentiment"":""neutral"",""score"":0.53}]"
"gpt_min_0272","banksta:88378","8dd174c8-9b44-4290-843f-919e79676669","banksta","88378","neutral","0.51","0.22","0.23","0.55","0","0","0","0","0","0","[{""aspect"":""other"",""sentiment"":""neutral"",""score"":0.53}]"
"gpt_min_0273","banksta:88359","3cde6867-2e0d-4f85-8b82-467d7bf2af3d","banksta","88359","neutral","0.51","0.22","0.23","0.55","0","0","0","0","0","0","[{""aspect"":""other"",""sentiment"":""neutral"",""score"":0.53}]"
"gpt_min_0274","banksta:88323","f852981b-c94d-4ee9-82a1-e84ebc64b072","banksta","88323","neutral","0.51","0.22","0.23","0.55","0","0","0","0","0","0","[{""aspect"":""other"",""sentiment"":""neutral"",""score"":0.53}]"
"gpt_min_0275","banksta:88263","dbd05c57-a1be-4d41-afde-23bc45aa4277","banksta","88263","neutral","0.51","0.22","0.23","0.55","0","0","0","0","0","0","[{""aspect"":""markets"",""sentiment"":""neutral"",""score"":0.53}]"
"gpt_min_0276","banksta:88181","56b8400b-6ef8-4c02-82f1-0007541ac1e2","banksta","88181","neutral","0.51","0.22","0.23","0.55","0","0","0","0","0","0","[{""aspect"":""other"",""sentiment"":""neutral"",""score"":0.53}]"
"gpt_min_0277","banksta:88127","acdddb27-f64a-46ee-8d24-385be8043c55","banksta","88127","neutral","0.51","0.22","0.23","0.55","0","0","0","0","0","0","[{""aspect"":""technology"",""sentiment"":""neutral"",""score"":0.53}]"
"gpt_min_0278","Cbpub:70358","6e0fefda-2c66-4a6e-b562-0c34e141e3de","Cbpub","70358","neutral","0.51","0.22","0.23","0.55","0","0","0","0","0","0","[{""aspect"":""other"",""sentiment"":""neutral"",""score"":0.53}]"
"gpt_min_0279","banksta:88086","8c3fb90e-fd24-4661-8937-3bf11f2e3aaf","banksta","88086","neutral","0.51","0.22","0.23","0.55","0","0","0","0","0","0","[{""aspect"":""other"",""sentiment"":""neutral"",""score"":0.53}]"
"gpt_min_0280","Cbpub:70340","76afb751-e6d5-43a9-b665-19b788a8ebc7","Cbpub","70340","neutral","0.51","0.22","0.23","0.55","0","0","0","0","0","0","[{""aspect"":""gaming"",""sentiment"":""neutral"",""score"":0.53}]"
"gpt_min_0281","banksta:87932","0d5ec4bc-7587-4fe5-a6df-84745d30c6df","banksta","87932","neutral","0.54","0.18","0.18","0.64","0","0","0","0","0","0","[{""aspect"":""other"",""sentiment"":""neutral"",""score"":0.53}]"
"gpt_min_0282","Cbpub:70272","a9a4a341-3b41-43df-876e-54b6f10c74bd","Cbpub","70272","neutral","0.51","0.22","0.23","0.55","0","0","0","0","0","0","[{""aspect"":""other"",""sentiment"":""neutral"",""score"":0.53}]"
"gpt_min_0283","banksta:87848","3e373946-1152-44f0-904d-45e22d59d747","banksta","87848","neutral","0.51","0.22","0.23","0.55","0","0","0","0","0","0","[{""aspect"":""other"",""sentiment"":""neutral"",""score"":0.53}]"
"gpt_min_0284","banksta:87829","c15449fa-1e2d-47a6-8b3e-8a5f4c329590","banksta","87829","neutral","0.51","0.22","0.23","0.55","0","0","0","0","0","0","[{""aspect"":""markets"",""sentiment"":""neutral"",""score"":0.53}]"
"gpt_min_0285","banksta:87805","88c5202f-461d-4d57-a0bf-62409c112b34","banksta","87805","neutral","0.51","0.22","0.23","0.55","0","0","0","0","0","0","[{""aspect"":""technology"",""sentiment"":""neutral"",""score"":0.53},{""aspect"":""media"",""sentiment"":""neutral"",""score"":0.53}]"
"gpt_min_0286","Cbpub:70228","026af0b7-8c1a-4c3b-ad0d-faef7e4c6ee8","Cbpub","70228","neutral","0.51","0.22","0.23","0.55","0","0","0","0","0","0","[{""aspect"":""gaming"",""sentiment"":""neutral"",""score"":0.53}]"
"gpt_min_0287","banksta:87769","53134a4a-43d5-4e4b-bd81-41c603c9ef03","banksta","87769","neutral","0.51","0.22","0.23","0.55","0","0","0","0","0","0","[{""aspect"":""other"",""sentiment"":""neutral"",""score"":0.53}]"
"gpt_min_0288","banksta:87716","f1b76c2d-9871-48f2-8fd6-0a075f1f6d35","banksta","87716","neutral","0.51","0.22","0.23","0.55","0","0","0","0","0","0","[{""aspect"":""technology"",""sentiment"":""neutral"",""score"":0.53},{""aspect"":""media"",""sentiment"":""neutral"",""score"":0.53}]"
"gpt_min_0289","Cbpub:70186","834737b8-5f06-4cd0-84e3-9633cfa7292b","Cbpub","70186","neutral","0.54","0.18","0.18","0.64","0","0","0","0","0","0","[{""aspect"":""other"",""sentiment"":""neutral"",""score"":0.53}]"
"gpt_min_0290","Cbpub:70182","9e25d2e9-453f-402f-bad5-f3f54e85184e","Cbpub","70182","neutral","0.59","0.47","0.1","0.43","0","0","0","0","0","0","[{""aspect"":""other"",""sentiment"":""neutral"",""score"":0.53}]"
"gpt_min_0291","Cbpub:70181","983e0e56-6879-4c7b-bce4-22a09678613e","Cbpub","70181","neutral","0.54","0.18","0.18","0.64","0","0","0","0","0","0","[{""aspect"":""weather"",""sentiment"":""neutral"",""score"":0.53}]"
"gpt_min_0292","Cbpub:70178","2a1f189f-2a05-49e7-860f-9643d236f498","Cbpub","70178","neutral","0.54","0.18","0.18","0.64","0.16","0","0","0","0","0.17","[{""aspect"":""security"",""sentiment"":""neutral"",""score"":0.53},{""aspect"":""media"",""sentiment"":""neutral"",""score"":0.53}]"
"gpt_min_0293","Cbpub:70168","167a2bb6-d96a-4e81-934d-16095a816f71","Cbpub","70168","neutral","0.54","0.18","0.18","0.64","0","0","0","0","0","0","[{""aspect"":""other"",""sentiment"":""neutral"",""score"":0.53}]"
"gpt_min_0294","Cbpub:70166","68282194-9f69-4fed-8ed6-08fb894c2fed","Cbpub","70166","neutral","0.54","0.18","0.18","0.64","0","0","0","0","0","0","[{""aspect"":""other"",""sentiment"":""neutral"",""score"":0.53}]"
"gpt_min_0295","banksta:87673","9bdcc0db-a996-41b7-9050-f46c84727ba7","banksta","87673","neutral","0.51","0.22","0.23","0.55","0","0","0","0","0","0","[{""aspect"":""media"",""sentiment"":""neutral"",""score"":0.53}]"
"gpt_min_0296","Cbpub:70165","d284d6f5-38fb-4790-a550-38be6a2a4fd0","Cbpub","70165","neutral","0.54","0.18","0.18","0.64","0","0","0","0","0","0","[{""aspect"":""other"",""sentiment"":""neutral"",""score"":0.53}]"
"gpt_min_0297","banksta:87672","3113192c-f3c7-4f62-878f-cb1c31d4df91","banksta","87672","neutral","0.51","0.22","0.23","0.55","0","0","0","0","0","0","[{""aspect"":""other"",""sentiment"":""neutral"",""score"":0.53}]"
"gpt_min_0298","Cbpub:70164","ac7d9d3a-b9cc-4075-8435-493b343b3ef8","Cbpub","70164","neutral","0.54","0.18","0.18","0.64","0","0","0","0","0","0","[{""aspect"":""war"",""sentiment"":""neutral"",""score"":0.53},{""aspect"":""markets"",""sentiment"":""neutral"",""score"":0.53}]"
"gpt_min_0299","Cbpub:70163","66732763-0199-4f6d-aa41-08d112f8c6b3","Cbpub","70163","neutral","0.54","0.18","0.18","0.64","0","0","0.14","0","0","0","[{""aspect"":""security"",""sentiment"":""neutral"",""score"":0.53},{""aspect"":""media"",""sentiment"":""neutral"",""score"":0.53}]"
"gpt_min_0300","Cbpub:70162","e5b56827-51fe-40d8-ba12-0e3a9f7dcffb","Cbpub","70162","neutral","0.59","0.47","0.1","0.43","0","0","0","0","0","0","[{""aspect"":""other"",""sentiment"":""neutral"",""score"":0.53}]"
"gpt_min_0301","Cbpub:70161","8479625b-d07c-44ba-bc66-a4a338bb8fe1","Cbpub","70161","neutral","0.54","0.18","0.18","0.64","0","0","0","0","0","0","[{""aspect"":""media"",""sentiment"":""neutral"",""score"":0.53}]"
"gpt_min_0302","Cbpub:70159","f4e05f4e-e713-4153-bd2a-4213ce20122a","Cbpub","70159","neutral","0.54","0.18","0.18","0.64","0","0","0","0","0","0","[{""aspect"":""company_results"",""sentiment"":""neutral"",""score"":0.53}]"
"gpt_min_0303","Cbpub:70158","889873b1-05c5-4b6b-ac8a-19b231ebac58","Cbpub","70158","neutral","0.54","0.18","0.18","0.64","0","0","0","0","0","0","[{""aspect"":""other"",""sentiment"":""neutral"",""score"":0.53}]"
"gpt_min_0304","Cbpub:70157","37a59a55-e359-482f-9971-58bc8368580e","Cbpub","70157","neutral","0.54","0.18","0.18","0.64","0","0","0","0","0","0","[{""aspect"":""other"",""sentiment"":""neutral"",""score"":0.53}]"
"gpt_min_0305","Cbpub:70153","0af0980d-5d19-4594-b69f-5e300d6c15bc","Cbpub","70153","positive","0.72","0.68","0.1","0.22","0","0","0.08","0","0","0","[{""aspect"":""other"",""sentiment"":""positive"",""score"":0.7}]"
"gpt_min_0306","Cbpub:70148","9a1ff4cf-0686-42e9-8e1d-0b0f44ec1b26","Cbpub","70148","neutral","0.54","0.18","0.18","0.64","0","0","0","0","0","0","[{""aspect"":""other"",""sentiment"":""neutral"",""score"":0.53}]"
"gpt_min_0307","Cbpub:70147","7d50fe69-b395-4e90-972f-19bfd9493e93","Cbpub","70147","neutral","0.54","0.18","0.18","0.64","0","0","0","0","0","0","[{""aspect"":""regulation"",""sentiment"":""neutral"",""score"":0.53},{""aspect"":""media"",""sentiment"":""neutral"",""score"":0.53}]"
"gpt_min_0308","Cbpub:70145","2dec6545-ea56-431a-9b3b-933e4b340f41","Cbpub","70145","neutral","0.54","0.18","0.18","0.64","0","0","0","0","0","0","[{""aspect"":""other"",""sentiment"":""neutral"",""score"":0.53}]"
"gpt_min_0309","Cbpub:70144","599f9d0f-223a-4270-8c19-f1563d16df57","Cbpub","70144","neutral","0.54","0.18","0.18","0.64","0","0","0","0","0","0","[{""aspect"":""weather"",""sentiment"":""neutral"",""score"":0.53}]"
"gpt_min_0310","Cbpub:70143","9e33b247-d99d-4208-bdfb-12b38b8aa288","Cbpub","70143","neutral","0.54","0.18","0.18","0.64","0","0","0","0","0","0","[{""aspect"":""media"",""sentiment"":""neutral"",""score"":0.53}]"
"gpt_min_0311","Cbpub:70142","63495573-7889-4e08-bbe4-b143d6560faa","Cbpub","70142","positive","0.88","0.8077","0.1154","0.0769","0","0.13","0.42","0.14","0.14","0","[{""aspect"":""public_health"",""sentiment"":""positive"",""score"":0.86}]"
"gpt_min_0312","Cbpub:70141","bd52656f-7415-4b09-88a1-0bfaed9cb2da","Cbpub","70141","neutral","0.54","0.18","0.18","0.64","0","0","0","0","0","0","[{""aspect"":""other"",""sentiment"":""neutral"",""score"":0.53}]"
"gpt_min_0313","Cbpub:70140","fb307e3f-2048-4363-bc35-a1863dfff637","Cbpub","70140","neutral","0.54","0.18","0.18","0.64","0","0","0","0","0","0","[{""aspect"":""markets"",""sentiment"":""neutral"",""score"":0.53}]"
"gpt_min_0314","Cbpub:70137","24d6600f-c8b2-4140-9df6-ea8b933df0f7","Cbpub","70137","neutral","0.59","0.47","0.1","0.43","0","0","0","0","0","0","[{""aspect"":""public_health"",""sentiment"":""neutral"",""score"":0.53},{""aspect"":""gaming"",""sentiment"":""neutral"",""score"":0.53}]"
"gpt_min_0315","Cbpub:70136","5c70a989-f503-4a43-abb0-6a68b8c57056","Cbpub","70136","neutral","0.54","0.18","0.18","0.64","0","0","0","0","0","0","[{""aspect"":""other"",""sentiment"":""neutral"",""score"":0.53}]"
"gpt_min_0316","Cbpub:70134","86b5649a-40e7-4426-b344-0532c06c48b0","Cbpub","70134","neutral","0.54","0.18","0.18","0.64","0","0","0","0","0","0","[{""aspect"":""other"",""sentiment"":""neutral"",""score"":0.53}]"
"gpt_min_0317","Cbpub:70130","dab144e2-aa10-416e-bd7e-ac09451c9b36","Cbpub","70130","neutral","0.54","0.18","0.18","0.64","0","0","0","0","0","0","[{""aspect"":""other"",""sentiment"":""neutral"",""score"":0.53}]"
"gpt_min_0318","Cbpub:70129","292a8842-78fd-42a5-b44a-2def462d5727","Cbpub","70129","neutral","0.59","0.12","0.47","0.41","0","0","0","0","0","0","[{""aspect"":""other"",""sentiment"":""neutral"",""score"":0.53}]"
"gpt_min_0319","Cbpub:70127","8b777547-df68-43ff-8fb9-f65b02d5ff91","Cbpub","70127","neutral","0.54","0.18","0.18","0.64","0","0","0","0","0","0","[{""aspect"":""other"",""sentiment"":""neutral"",""score"":0.53}]"
"gpt_min_0320","Cbpub:70124","1481e2c0-e9bc-4ec4-aea4-908df914dd72","Cbpub","70124","neutral","0.59","0.12","0.47","0.41","0","0","0","0","0","0","[{""aspect"":""other"",""sentiment"":""neutral"",""score"":0.53}]"
"gpt_min_0321","Cbpub:70122","b3b553e2-ea23-4d7b-af87-b85931f96132","Cbpub","70122","positive","0.72","0.68","0.1","0.22","0","0","0.28","0","0","0","[{""aspect"":""markets"",""sentiment"":""positive"",""score"":0.7},{""aspect"":""retail"",""sentiment"":""positive"",""score"":0.7}]"
"gpt_min_0322","Cbpub:70121","66ce32be-dc2d-4ebd-97b5-044f12f7ba4c","Cbpub","70121","neutral","0.54","0.18","0.18","0.64","0","0","0","0","0","0","[{""aspect"":""other"",""sentiment"":""neutral"",""score"":0.53}]"
"gpt_min_0323","Cbpub:70120","62df7cf5-182a-4062-a39e-05735d713ca6","Cbpub","70120","neutral","0.54","0.18","0.18","0.64","0","0","0","0","0","0","[{""aspect"":""other"",""sentiment"":""neutral"",""score"":0.53}]"
"gpt_min_0324","Cbpub:70119","14666630-2c14-4438-a11c-57b693735b47","Cbpub","70119","neutral","0.54","0.18","0.18","0.64","0","0","0","0","0","0","[{""aspect"":""other"",""sentiment"":""neutral"",""score"":0.53}]"
"gpt_min_0325","Cbpub:70117","a8e92a66-aeae-4a9f-a596-d0f3145348b2","Cbpub","70117","neutral","0.54","0.18","0.18","0.64","0","0","0","0","0","0","[{""aspect"":""other"",""sentiment"":""neutral"",""score"":0.53}]"
"gpt_min_0326","Cbpub:70116","c3cf8c6b-e43d-4e4f-b2de-88ac8e60d201","Cbpub","70116","positive","0.72","0.68","0.1","0.22","0","0","0.08","0","0","0","[{""aspect"":""other"",""sentiment"":""positive"",""score"":0.7}]"
"gpt_min_0327","Cbpub:70112","67492e0d-cca6-4909-83e7-3551a1c2b6e3","Cbpub","70112","neutral","0.59","0.47","0.1","0.43","0","0","0","0","0","0","[{""aspect"":""gaming"",""sentiment"":""neutral"",""score"":0.53}]"
"gpt_min_0328","Cbpub:70107","51631046-da8d-499d-ae23-94c5967f48a5","Cbpub","70107","neutral","0.54","0.18","0.18","0.64","0","0","0","0","0","0","[{""aspect"":""other"",""sentiment"":""neutral"",""score"":0.53}]"
"gpt_min_0329","Cbpub:70106","39b300cf-8ca4-4bcb-9f5d-02f662c949bc","Cbpub","70106","neutral","0.54","0.18","0.18","0.64","0","0","0","0.14","0","0","[{""aspect"":""banking"",""sentiment"":""neutral"",""score"":0.53},{""aspect"":""security"",""sentiment"":""neutral"",""score"":0.53}]"
"gpt_min_0330","Cbpub:70105","8b63c18a-ccc5-41d2-98b3-5d635e0b7fd3","Cbpub","70105","neutral","0.54","0.18","0.18","0.64","0.16","0","0","0","0","0","[{""aspect"":""security"",""sentiment"":""neutral"",""score"":0.53},{""aspect"":""media"",""sentiment"":""neutral"",""score"":0.53}]"
"gpt_min_0331","Cbpub:70104","abab7fd9-8f18-485c-8791-ebc955799aaf","Cbpub","70104","negative","0.72","0.12","0.68","0.2","0","0.26","0","0","0","0","[{""aspect"":""weather"",""sentiment"":""negative"",""score"":0.7}]"
"gpt_min_0332","Cbpub:70102","3f2131b3-966a-4e70-824e-5974b723a65e","Cbpub","70102","neutral","0.54","0.18","0.18","0.64","0","0","0","0","0","0","[{""aspect"":""other"",""sentiment"":""neutral"",""score"":0.53}]"
"gpt_min_0333","Cbpub:70101","a0c14ec3-5288-4150-8873-b398ccf910dc","Cbpub","70101","neutral","0.54","0.18","0.18","0.64","0","0","0","0","0","0","[{""aspect"":""other"",""sentiment"":""neutral"",""score"":0.53}]"
"gpt_min_0334","Cbpub:70099","cf1abb07-29ae-4f1e-b40e-fe3c34b713e2","Cbpub","70099","neutral","0.54","0.18","0.18","0.64","0","0","0","0.14","0","0","[{""aspect"":""other"",""sentiment"":""neutral"",""score"":0.53}]"
"gpt_min_0335","Cbpub:70098","354ef0d3-c8c9-4141-9a80-7c499796f3e1","Cbpub","70098","neutral","0.54","0.18","0.18","0.64","0","0","0","0","0","0","[{""aspect"":""other"",""sentiment"":""neutral"",""score"":0.53}]"
"gpt_min_0336","Cbpub:70097","5166c686-308d-4ea0-b523-349530e1f1c7","Cbpub","70097","neutral","0.54","0.18","0.18","0.64","0","0","0","0","0","0","[{""aspect"":""other"",""sentiment"":""neutral"",""score"":0.53}]"
"gpt_min_0337","Cbpub:70095","5cf3c78a-0799-4b9c-b388-e15d4fd10941","Cbpub","70095","neutral","0.59","0.47","0.1","0.43","0","0","0.14","0","0","0","[{""aspect"":""other"",""sentiment"":""neutral"",""score"":0.53}]"
"gpt_min_0338","Cbpub:70094","1f17e760-10bc-4b14-ba3e-f8d6f406f6c2","Cbpub","70094","neutral","0.54","0.18","0.18","0.64","0","0","0","0","0","0","[{""aspect"":""other"",""sentiment"":""neutral"",""score"":0.53}]"
"gpt_min_0339","Cbpub:70093","76914412-cd12-4af0-98f7-ce1d8584ab89","Cbpub","70093","neutral","0.59","0.12","0.47","0.41","0","0.13","0","0","0","0","[{""aspect"":""war"",""sentiment"":""neutral"",""score"":0.53}]"
